,Date,Daily Return
0,2016-01-04,-0.00492897287986388
1,2016-01-05,0.007116271603993529
2,2016-01-06,0.010151343822213658
3,2016-01-07,0.004444032543992406
4,2016-01-08,0.0017166458041607616
5,2016-01-11,-0.0057814663572541645
6,2016-01-12,0.004347683133669694
7,2016-01-13,0.0010165781930450814
8,2016-01-14,0.0031714774017823884
9,2016-01-15,0.006400687041276595
10,2016-01-19,0.007192701966162737
11,2016-01-20,0.0029238473440474553
12,2016-01-21,0.0003948932592671523
13,2016-01-22,0.00438512398028496
14,2016-01-25,0.005999053603945013
15,2016-01-26,-0.004967477628660942
16,2016-01-27,-0.006108044442796323
17,2016-01-28,0.0004640714228058623
18,2016-01-29,-0.0002300142106959307
19,2016-02-01,0.00038842000987222684
20,2016-02-02,0.0042608242647841155
21,2016-02-03,-0.004517621120019874
22,2016-02-04,-0.013203187130160937
23,2016-02-05,-0.007658538041231397
24,2016-02-08,0.0013920649939946589
25,2016-02-09,0.00261027554823016
26,2016-02-10,0.007858325019371837
27,2016-02-11,0.0016414387593640428
28,2016-02-12,-0.003264201518133212
29,2016-02-16,0.0014770979314998522
30,2016-02-17,0.0010487464200207419
31,2016-02-18,-6.007260903522101e-05
32,2016-02-19,0.004044849349754207
33,2016-02-22,-0.0026224092383435845
34,2016-02-23,0.0045899221031177415
35,2016-02-24,-0.002591973693377621
36,2016-02-25,0.005493920655699934
37,2016-02-26,-0.0037835277882822373
38,2016-02-29,0.0014586454549503415
39,2016-03-01,-0.0028934862243021626
40,2016-03-02,-0.0018804053925822238
41,2016-03-03,-0.0048849266618545785
42,2016-03-04,-0.003879547416555501
43,2016-03-07,-0.006406479527268279
44,2016-03-08,0.007866634772323772
45,2016-03-09,-0.0036525308164482074
46,2016-03-10,-0.00046641657238279946
47,2016-03-11,0.000710522719344919
48,2016-03-14,0.003673782670373687
49,2016-03-15,0.001888446037945607
50,2016-03-16,-0.0012908539679648615
51,2016-03-17,-0.0072624066606299335
52,2016-03-18,-0.004554637150542374
53,2016-03-21,0.0016297481706767257
54,2016-03-22,0.00366248850920724
55,2016-03-23,-0.00038927010621055515
56,2016-03-24,0.0027509374630191106
57,2016-03-28,0.0010703133316925131
58,2016-03-29,0.0023595339056522993
59,2016-03-30,-0.0010555163965091875
60,2016-03-31,0.0010753149683714106
61,2016-04-01,0.004650935816649628
62,2016-04-04,0.003431483388908191
63,2016-04-05,-0.00023967583573938412
64,2016-04-06,0.0024552801382921046
65,2016-04-07,0.003203290207679183
66,2016-04-08,-0.003968400800150107
67,2016-04-11,-0.00193955024008598
68,2016-04-12,-0.006042751912422624
69,2016-04-13,-0.005908885292155424
70,2016-04-14,-0.0014391249265631402
71,2016-04-15,0.004343956550136945
72,2016-04-18,0.0015073368990133232
73,2016-04-19,-0.005745030996389401
74,2016-04-20,-0.003500435567608751
75,2016-04-21,-0.0007785953733644934
76,2016-04-22,-0.0036029654738432126
77,2016-04-25,0.004603616526977111
78,2016-04-26,-0.0042194165512517935
79,2016-04-27,-0.004662184312882145
80,2016-04-28,0.0014065536521260633
81,2016-04-29,0.002783297792500839
82,2016-05-02,0.000718002451855265
83,2016-05-03,0.004544168560829748
84,2016-05-04,0.006523851610858062
85,2016-05-05,0.0030443585793586245
86,2016-05-06,-0.001919000837603524
87,2016-05-09,0.008415608763626826
88,2016-05-10,-0.0036452516971631314
89,2016-05-11,-0.003244850538648852
90,2016-05-12,0.0031210481576573355
91,2016-05-13,0.004865634966833603
92,2016-05-16,-0.0005503122677958662
93,2016-05-17,-0.004018038949729365
94,2016-05-18,-0.004637658812936147
95,2016-05-19,0.007509747062535471
96,2016-05-20,-0.0005562509252393601
97,2016-05-23,-0.0009730552716228472
98,2016-05-24,0.00036770560062954205
99,2016-05-25,-0.006221477496021921
100,2016-05-26,0.0016765787970709934
101,2016-05-27,0.0006254362890762865
102,2016-05-31,-0.0002991300010448064
103,2016-06-01,-0.0016265920289011417
104,2016-06-02,0.0022817439971640264
105,2016-06-03,0.0007948225098365847
106,2016-06-06,-0.0037793820228039176
107,2016-06-07,-0.0007077196512064234
108,2016-06-08,-0.003323918717731739
109,2016-06-09,0.0018395550326753224
110,2016-06-10,0.004328639985258753
111,2016-06-13,0.0030196296834639094
112,2016-06-14,0.002809859484199262
113,2016-06-15,0.001596785422121283
114,2016-06-16,-0.00042395038071535993
115,2016-06-17,-0.002502497742868137
116,2016-06-20,-0.001556082307075013
117,2016-06-21,0.0018615171916129651
118,2016-06-22,0.0011313917940675379
119,2016-06-23,-0.005749243922157532
120,2016-06-24,0.014090057577977613
121,2016-06-27,0.009652960492082948
122,2016-06-28,-0.003979866136816391
123,2016-06-29,0.0004536422533574795
124,2016-06-30,-0.005197199253854835
125,2016-07-01,0.001699459949433291
126,2016-07-05,0.007102879358217313
127,2016-07-06,-0.0022817897166820147
128,2016-07-07,-0.0019086241153102592
129,2016-07-08,-0.006054475056549429
130,2016-07-11,-0.0019147560104716523
131,2016-07-12,-0.0038183653891360027
132,2016-07-13,-0.002381009868126271
133,2016-07-14,-0.00419125901681871
134,2016-07-15,-0.0015133230960814206
135,2016-07-18,-0.002617773910921251
136,2016-07-19,0.0005520806457248784
137,2016-07-20,0.0005389721200274647
138,2016-07-21,0.003427781363035692
139,2016-07-22,-0.0004472058450762204
140,2016-07-25,0.00022740541832016474
141,2016-07-26,-0.010905029574778258
142,2016-07-27,0.0001589184106036479
143,2016-07-28,0.0002792839374749334
144,2016-07-29,0.0016831850077573267
145,2016-08-01,0.0031590131814905726
146,2016-08-02,0.003258673895704079
147,2016-08-03,-0.005015790482524252
148,2016-08-04,-0.0002125793545947219
149,2016-08-05,-0.004705760339392829
150,2016-08-08,-0.0032582779931993543
151,2016-08-09,0.0001344995011622274
152,2016-08-10,0.002650773584865102
153,2016-08-11,-0.0007650429803720769
154,2016-08-12,0.0042795927610985275
155,2016-08-15,-0.0068598394111713
156,2016-08-16,-0.0031122362500906
157,2016-08-17,-0.0029132114665963715
158,2016-08-18,0.0012000551897751125
159,2016-08-19,0.0006475387706264599
160,2016-08-22,0.0016485657681383657
161,2016-08-23,0.0003883048548106563
162,2016-08-24,0.0003401963934620278
163,2016-08-25,-0.0017990852353162387
164,2016-08-26,-0.0002982667338049693
165,2016-08-29,-0.0032935839616356653
166,2016-08-30,-0.0021799729741577285
167,2016-08-31,0.00029353817806665466
168,2016-09-01,0.00458117985439403
169,2016-09-02,-0.0003708504213205678
170,2016-09-06,0.00010950384033758256
171,2016-09-07,-0.003335406140343833
172,2016-09-08,-0.0026294496536712897
173,2016-09-09,0.0008822879467366759
174,2016-09-12,0.0001941385256238326
175,2016-09-13,0.0007707462521378602
176,2016-09-14,0.0013476995262058928
177,2016-09-15,0.002545926220147098
178,2016-09-16,0.000939956458830615
179,2016-09-19,-0.0019217701845794409
180,2016-09-20,-0.0018657856035778245
181,2016-09-21,0.0017130312171391928
182,2016-09-22,0.0005379780167623641
183,2016-09-23,0.004760330377104127
184,2016-09-26,0.0010542598015661096
185,2016-09-27,9.724658816189774e-05
186,2016-09-28,-0.007413076278252112
187,2016-09-29,0.00012204444575637493
188,2016-09-30,-0.003171841401131032
189,2016-10-03,-0.0009639375201026922
190,2016-10-04,-0.002127308757137753
191,2016-10-05,-0.008750985994317657
192,2016-10-06,-0.0037515599577143295
193,2016-10-07,0.0006404009551657375
194,2016-10-10,0.0016523673242043128
195,2016-10-11,0.001198996778623718
196,2016-10-12,0.0041259701132613635
197,2016-10-13,0.0007571222705783755
198,2016-10-14,-0.00022928861494724278
199,2016-10-17,0.000293767807612849
200,2016-10-18,0.0017093624368716201
201,2016-10-19,-0.0016338745234784793
202,2016-10-20,0.003686351608928091
203,2016-10-21,-0.0005738849470599772
204,2016-10-24,0.0028392275869667197
205,2016-10-25,-0.0004614874207496622
206,2016-10-26,-0.0021813112027095284
207,2016-10-27,0.0026055241184543003
208,2016-10-28,-0.0011504755214904738
209,2016-10-31,-8.104451740251202e-05
210,2016-11-01,-0.0005691402136318582
211,2016-11-02,0.0026908536122167985
212,2016-11-03,-0.0023668302505800765
213,2016-11-04,0.0005376826566654336
214,2016-11-07,-0.00331348544999922
215,2016-11-08,0.0011262862022512958
216,2016-11-09,-0.018301174324626465
217,2016-11-10,-0.017462514352641054
218,2016-11-11,-0.00011583915082716295
219,2016-11-14,-0.009522860743150362
220,2016-11-15,0.00248049360522975
221,2016-11-16,0.006940861957040557
222,2016-11-17,-0.0008575426197116485
223,2016-11-18,-0.0021041211272673885
224,2016-11-21,0.0008050358122650147
225,2016-11-22,0.004004526267403237
226,2016-11-23,-0.005585496221776393
227,2016-11-25,0.00025413869097719034
228,2016-11-28,0.0031986730550082054
229,2016-11-29,0.0021155419013122903
230,2016-11-30,-0.010546448937559415
231,2016-12-01,-0.0032278203353659496
232,2016-12-02,0.0022220141697285142
233,2016-12-05,-0.0020793226673376077
234,2016-12-06,-0.002482004936120808
235,2016-12-07,-0.0036798980661651003
236,2016-12-08,-0.0015228431043235852
237,2016-12-09,0.0006594234222783934
238,2016-12-12,0.004293307994246686
239,2016-12-13,0.003761394115124684
240,2016-12-14,0.0017566080449546884
241,2016-12-15,-0.004495292520174949
242,2016-12-16,0.004885675170998511
243,2016-12-19,-0.0018657681032584585
244,2016-12-20,-0.0005185923385297
245,2016-12-21,-0.00014679847705542087
246,2016-12-22,0.0004470253249633239
247,2016-12-23,-0.001737044754248296
248,2016-12-27,-0.0010685841386011198
249,2016-12-28,0.0024634837868445615
250,2016-12-29,0.0017965507862912622
251,2016-12-30,-0.0011580796929794852
252,2017-01-03,-0.001701009555599215
253,2017-01-04,0.0007108553607258094
254,2017-01-05,0.004751036116339968
255,2017-01-06,-0.0056068170187880085
256,2017-01-09,0.002557295596786269
257,2017-01-10,-0.0035451552464822065
258,2017-01-11,-0.0020785548106217306
259,2017-01-12,0.0017523922110437575
260,2017-01-13,-0.0007900108758392977
261,2017-01-17,0.007933062958178794
262,2017-01-18,7.344464263257474e-05
263,2017-01-19,0.00017411091722827068
264,2017-01-20,-0.0026902280456162393
265,2017-01-23,0.0035401998723987135
266,2017-01-24,-0.004054806524322901
267,2017-01-25,-0.0051654063515552415
268,2017-01-26,0.004580242861228556
269,2017-01-27,-0.003067942316176803
270,2017-01-30,0.0026801644515519474
271,2017-01-31,0.005667326323306677
272,2017-02-01,-0.0005665632324221903
273,2017-02-02,0.0006862515911780999
274,2017-02-03,-0.004219676740494472
275,2017-02-06,0.0006999650966390826
276,2017-02-07,-0.00013027599964455223
277,2017-02-08,0.00425538264492158
278,2017-02-09,-0.00019671841675709088
279,2017-02-10,-0.004345125231648695
280,2017-02-13,-0.008499840860860143
281,2017-02-14,0.00038607438021147095
282,2017-02-15,-0.0014761147456206936
283,2017-02-16,0.0016358014822768388
284,2017-02-17,-0.0017035936513820793
285,2017-02-21,0.004660542569583792
286,2017-02-22,0.0012441387220573977
287,2017-02-23,0.0005039855622329839
288,2017-02-24,0.005492420865038888
289,2017-02-27,-0.002818117792411279
290,2017-02-28,0.0008028737799570865
291,2017-03-01,-0.008276918250973299
292,2017-03-02,0.006989463899093923
293,2017-03-03,-0.0008024555266469503
294,2017-03-06,-0.0004400035355087152
295,2017-03-07,-0.0011178061205172286
296,2017-03-08,0.0001676431065612161
297,2017-03-09,0.0011869606719869586
298,2017-03-10,0.0005653593912161578
299,2017-03-13,-0.0004051088887337074
300,2017-03-14,0.0019082427596321173
301,2017-03-15,0.001339617151247453
302,2017-03-16,0.0007023812443349042
303,2017-03-17,0.0010835373639319302
304,2017-03-20,0.0003638127068124829
305,2017-03-21,0.01110404892574895
306,2017-03-22,0.0009276067019371615
307,2017-03-23,-0.0016840977646613185
308,2017-03-24,0.0029847118256867535
309,2017-03-27,0.0009295268811206738
310,2017-03-28,-0.00454913741621848
311,2017-03-29,0.0003473485575847923
312,2017-03-30,-0.0030247630956449223
313,2017-03-31,0.002793092066812053
314,2017-04-03,0.001514150334540998
315,2017-04-04,-0.0015510017565928073
316,2017-04-05,0.003699221679879251
317,2017-04-06,-0.0025385881723380913
318,2017-04-07,0.0014231741972481004
319,2017-04-10,-0.0009446840723481063
320,2017-04-11,0.0010968193364069457
321,2017-04-12,0.006686310366006976
322,2017-04-13,0.0027513085063806844
323,2017-04-17,-0.0038254596428939198
324,2017-04-18,0.0037210932533129023
325,2017-04-19,0.00178175832276552
326,2017-04-20,-0.006726467521483043
327,2017-04-21,0.002096965510423931
328,2017-04-24,-0.008084910841717237
329,2017-04-25,-0.009856089932442191
330,2017-04-26,0.0011929698094990454
331,2017-04-27,0.0010963256974845235
332,2017-04-28,0.0015311826339109052
333,2017-05-01,-0.0007856639249019083
334,2017-05-02,0.00014156511357890636
335,2017-05-03,-0.0038319270553544005
336,2017-05-04,0.0013212435269232827
337,2017-05-05,-0.00011563813459164506
338,2017-05-08,0.00015585544091104034
339,2017-05-09,-5.772179585356053e-05
340,2017-05-10,0.008790741341279924
341,2017-05-11,0.002882568765211041
342,2017-05-12,0.0032952101434742987
343,2017-05-15,0.0014498655223508473
344,2017-05-16,-0.003487090858751412
345,2017-05-17,0.0034344112383854946
346,2017-05-18,0.005034456001254578
347,2017-05-19,-0.0007506082663881971
348,2017-05-22,0.0037771912561985633
349,2017-05-23,-0.0028211526743608106
350,2017-05-24,-0.0009191771732525944
351,2017-05-25,0.0026419918754177155
352,2017-05-26,-0.00035758175735689507
353,2017-05-30,0.003486609814522501
354,2017-05-31,0.003068447985865058
355,2017-06-01,-8.974658648208674e-05
356,2017-06-02,-0.0007349317376278143
357,2017-06-05,0.0038314347216746422
358,2017-06-06,0.0009080410735906039
359,2017-06-07,0.0013952384526805472
360,2017-06-08,-0.004071388981023378
361,2017-06-09,-0.010050481666636914
362,2017-06-12,-0.0013203252932652402
363,2017-06-13,-0.0009970810659278072
364,2017-06-14,0.002068502630433056
365,2017-06-15,-0.0009702192892411477
366,2017-06-16,-0.002893154291204159
367,2017-06-19,-3.181705859292568e-05
368,2017-06-20,0.004184929600703363
369,2017-06-21,0.007066427546351295
370,2017-06-22,0.005275162627568853
371,2017-06-23,-0.0007203841748337658
372,2017-06-26,0.0005819274423968176
373,2017-06-27,-0.001446237550152857
374,2017-06-28,-0.005616066969868172
375,2017-06-29,-0.004103671460354836
376,2017-06-30,0.0034050394607617277
377,2017-07-03,-0.004303880157219092
378,2017-07-05,0.0004652861528646637
379,2017-07-06,0.0009724903040569055
380,2017-07-07,1.631077256413193e-05
381,2017-07-10,-0.0020145672662399807
382,2017-07-11,-0.0002862931411974079
383,2017-07-12,0.0015356638675519058
384,2017-07-13,-0.0024576075230207943
385,2017-07-14,0.0022594272649246296
386,2017-07-17,0.0006354488222683251
387,2017-07-18,0.0013465633914482857
388,2017-07-19,0.0006290222581402112
389,2017-07-20,0.006086264037781669
390,2017-07-21,-0.003376468115852221
391,2017-07-24,-0.00014072161506338272
392,2017-07-25,-0.0050800015759320865
393,2017-07-26,0.003494667716841355
394,2017-07-27,0.0036897159196115368
395,2017-07-28,0.0004090638908574138
396,2017-07-31,0.0026420364923226075
397,2017-08-01,0.0009895439422427652
398,2017-08-02,-0.0009018309250144075
399,2017-08-03,0.002427730631651814
400,2017-08-04,-0.0030604624311067205
401,2017-08-07,-0.0003127866575603598
402,2017-08-08,0.00020766833048395148
403,2017-08-09,-0.00019113536642597078
404,2017-08-10,0.00028857870113132655
405,2017-08-11,-0.0015958586813745736
406,2017-08-14,0.0017715478064188387
407,2017-08-15,-0.0010790355142803077
408,2017-08-16,-0.0007283363207256648
409,2017-08-17,0.0016116472372061604
410,2017-08-18,-0.0032274290888480448
411,2017-08-21,-2.2036130225516884e-05
412,2017-08-22,0.0014475787180876552
413,2017-08-23,0.0020369090975973893
414,2017-08-24,0.00042368985360484196
415,2017-08-25,-0.0007627831558936982
416,2017-08-28,0.0007536217023119297
417,2017-08-29,-0.0020812450392931727
418,2017-08-30,-0.0012915190550389312
419,2017-08-31,0.0010184580869185842
420,2017-09-01,-0.00014308964670065028
421,2017-09-05,0.006928587195323033
422,2017-09-06,-0.0035812799599507124
423,2017-09-07,0.0012992483129401272
424,2017-09-08,-0.002112713781281139
425,2017-09-11,-5.988146195602239e-06
426,2017-09-12,-0.003424342549100717
427,2017-09-13,0.0007804392304807729
428,2017-09-14,-0.0037245613951081284
429,2017-09-15,-0.0006282634677832407
430,2017-09-18,-0.001146134499372009
431,2017-09-19,-0.0029769334424295637
432,2017-09-20,0.00033738106917819403
433,2017-09-21,-0.0038185059616659025
434,2017-09-22,-0.0008603527601916462
435,2017-09-25,-0.004089504334266675
436,2017-09-26,-0.00044728810072297554
437,2017-09-27,-0.0004944590014684223
438,2017-09-28,-0.0004798641447576912
439,2017-09-29,0.0009105047868929014
440,2017-10-02,-0.0011314652388942025
441,2017-10-03,0.00024409078340958333
442,2017-10-04,0.002236073733469418
443,2017-10-05,-0.002331052560405777
444,2017-10-06,0.0043417769225612855
445,2017-10-09,0.0025056176404111064
446,2017-10-10,0.0014964996715725433
447,2017-10-11,0.0005176233983361424
448,2017-10-12,-0.0011302992462380312
449,2017-10-13,-0.0003351883012517099
450,2017-10-16,0.0011778303322928898
451,2017-10-17,0.005676390645338535
452,2017-10-18,-0.0002460953903094086
453,2017-10-19,-0.00026025038573464514
454,2017-10-20,-0.004597251961297794
455,2017-10-23,-0.0016335931411673224
456,2017-10-24,-0.0021462171783369344
457,2017-10-25,0.0007397307040532987
458,2017-10-26,-0.003970770604301155
459,2017-10-27,0.00786808441468686
460,2017-10-30,0.001977509247895226
461,2017-10-31,0.0006206248683114422
462,2017-11-01,-0.0031006432858420472
463,2017-11-02,0.0009425240490661842
464,2017-11-03,0.0037448168538760707
465,2017-11-06,-0.0006646343137644398
466,2017-11-07,0.0013785049090361769
467,2017-11-08,0.001109230760465141
468,2017-11-09,-0.0001683771770889733
469,2017-11-10,0.003566035871793328
470,2017-11-13,-0.0025548754947308737
471,2017-11-14,0.0016390791111474071
472,2017-11-15,-8.078530557095232e-05
473,2017-11-16,0.005730079000846518
474,2017-11-17,-0.0008011594635208009
475,2017-11-20,0.0019105009340312181
476,2017-11-21,0.0005169592455049334
477,2017-11-22,4.019368124660879e-05
478,2017-11-24,0.0014496171766527456
479,2017-11-27,0.0013052350085137224
480,2017-11-28,-0.006165411799287324
481,2017-11-29,-0.007526969916208314
482,2017-11-30,-0.0015320248656038472
483,2017-12-01,-0.00030120660287947783
484,2017-12-04,-0.014433803555978392
485,2017-12-05,0.001243191371471819
486,2017-12-06,0.0019089001547142601
487,2017-12-07,0.001393802979309733
488,2017-12-08,0.001186982814097293
489,2017-12-11,0.00012990793187135402
490,2017-12-12,-0.00317612900976742
491,2017-12-13,-0.002781338549679691
492,2017-12-14,0.002727852533022013
493,2017-12-15,-0.001544814757581081
494,2017-12-18,-0.0030077405064161235
495,2017-12-19,-0.0017311953529843215
496,2017-12-20,0.000265903482009794
497,2017-12-21,-0.003891887446256426
498,2017-12-22,-0.00044153039078574907
499,2017-12-26,0.002752017654092315
500,2017-12-27,-0.0006759919489847722
501,2017-12-28,0.0009605116691942031
502,2017-12-29,-0.0005542068244235587
503,2018-01-02,5.234995431189796e-05
504,2018-01-03,0.005785442183652551
505,2018-01-04,0.0011853234938326354
506,2018-01-05,0.002242358671539108
507,2018-01-08,-0.0008868072339917214
508,2018-01-09,-0.0008675502202398986
509,2018-01-10,-0.0026296869730205847
510,2018-01-11,-0.0004002259061489823
511,2018-01-12,0.0038995980492087198
512,2018-01-16,-0.0004366408565234682
513,2018-01-17,0.0021082790357917153
514,2018-01-18,0.004111307206021003
515,2018-01-19,-0.0023656571714971483
516,2018-01-22,0.001522724932083802
517,2018-01-23,0.0020689827295209905
518,2018-01-24,-0.0029001825354867776
519,2018-01-25,0.002630746795056471
520,2018-01-26,0.006667288611269317
521,2018-01-29,-0.002064210425843549
522,2018-01-30,-0.00256580184550475
523,2018-01-31,0.0021095194495588934
524,2018-02-01,0.0019546134890547854
525,2018-02-02,0.0004946581500941565
526,2018-02-05,0.0028740754374553612
527,2018-02-06,-0.0014014619335237523
528,2018-02-07,0.002173443646759338
529,2018-02-08,0.0008378890789961079
530,2018-02-09,0.004286084246312773
531,2018-02-12,-0.004303886173888239
532,2018-02-13,0.00014570586542120886
533,2018-02-14,-0.00048289728953689894
534,2018-02-15,0.0035327333167767642
535,2018-02-16,0.003338738909551375
536,2018-02-20,0.004181867268143469
537,2018-02-21,-0.004881031370442169
538,2018-02-22,-0.002581414382371583
539,2018-02-23,0.0010387289339640023
540,2018-02-26,-0.001262373892862867
541,2018-02-27,-1.8264618254100408e-05
542,2018-02-28,0.0022359728087879556
543,2018-03-01,0.004659580012233805
544,2018-03-02,0.0037353273954834733
545,2018-03-05,-0.004187498953385144
546,2018-03-06,-0.0018042213955844545
547,2018-03-07,0.0012436350115279274
548,2018-03-08,-0.0014129254248084807
549,2018-03-09,-0.004804332887609158
550,2018-03-12,0.002415708032408137
551,2018-03-13,0.001947308919931157
552,2018-03-14,0.005516496754954643
553,2018-03-15,0.0005512890276106185
554,2018-03-16,0.0008659916124127975
555,2018-03-19,0.0023298669647774267
556,2018-03-20,0.005423554604715198
557,2018-03-21,-0.0039178957914870974
558,2018-03-22,2.4153556227919475e-05
559,2018-03-23,0.0017389863955710409
560,2018-03-26,0.004374645784523968
561,2018-03-27,-0.006399428775346234
562,2018-03-28,-0.003291691022932386
563,2018-03-29,0.0016774050765689776
564,2018-04-02,-0.0003040812969226259
565,2018-04-03,0.001118016181465842
566,2018-04-04,0.004799814596335317
567,2018-04-05,-0.005561480426984473
568,2018-04-06,-0.0010864268269103825
569,2018-04-09,0.00041232442378896203
570,2018-04-10,0.0012109337243991353
571,2018-04-11,-0.001956162282870169
572,2018-04-12,-0.0010786195176573131
573,2018-04-13,-0.000433224909584862
574,2018-04-16,-0.0046709563827497585
575,2018-04-17,0.0030494684897704617
576,2018-04-18,0.001120948589298071
577,2018-04-19,-0.0005064183444238256
578,2018-04-20,0.0019865279609646734
579,2018-04-23,0.0016132933857824715
580,2018-04-24,0.004399732267697182
581,2018-04-25,-0.00335152243335633
582,2018-04-26,0.00036050087149768666
583,2018-04-27,0.00020243800723296866
584,2018-04-30,0.001043126711476078
585,2018-05-01,0.0039567689896056624
586,2018-05-02,-0.0002443545801187213
587,2018-05-03,0.002183717524455098
588,2018-05-04,-0.00042050169712517
589,2018-05-07,0.0020224282838738547
590,2018-05-08,-0.0006408629331302708
591,2018-05-09,-0.002026611407336037
592,2018-05-10,0.00012110803770002391
593,2018-05-11,0.003373318562724714
594,2018-05-14,-8.58150131726181e-06
595,2018-05-15,0.0004349275284085627
596,2018-05-16,-0.0004670458503169715
597,2018-05-17,-0.002282842540678471
598,2018-05-18,0.0010097610204175263
599,2018-05-21,-0.0017404048135075513
600,2018-05-22,-0.00020263369729977036
601,2018-05-23,-0.0003687592605099648
602,2018-05-24,0.004476158355483535
603,2018-05-25,0.0008798200570511449
604,2018-05-29,0.00493266299847538
605,2018-05-30,-0.001889079383493453
606,2018-05-31,0.0056531522516670984
607,2018-06-01,0.0010256558249633445
608,2018-06-04,0.0015722421480482524
609,2018-06-05,0.0015504541716593932
610,2018-06-06,-0.0009824635123198875
611,2018-06-07,-0.0033762076195275777
612,2018-06-08,-0.0013298289080468876
613,2018-06-11,-0.0013156740534914666
614,2018-06-12,0.0023589741828849106
615,2018-06-13,0.0007313402355715874
616,2018-06-14,0.0039130370253068324
617,2018-06-15,0.0003689654791462441
618,2018-06-18,0.0036570532041240674
619,2018-06-19,0.0030682244123924896
620,2018-06-20,0.0004365895901921824
621,2018-06-21,0.0003044064670092051
622,2018-06-22,-0.003021163434812768
623,2018-06-25,-0.0004615895143105569
624,2018-06-26,0.003142946676366105
625,2018-06-27,-0.0018986824407514434
626,2018-06-28,0.0006694209415699925
627,2018-06-29,0.005395338645792875
628,2018-07-02,0.0006218494095739045
629,2018-07-03,7.310565719242338e-05
630,2018-07-05,-0.0003843428702924364
631,2018-07-06,0.0005532514072073504
632,2018-07-09,-0.005107962154621054
633,2018-07-10,4.7129882607187886e-06
634,2018-07-11,0.005407172702220204
635,2018-07-12,0.0036760443924912117
636,2018-07-13,-0.00035498986066746536
637,2018-07-16,-0.0012364157695385074
638,2018-07-17,-0.0009977458396511708
639,2018-07-18,-4.592221519519868e-05
640,2018-07-19,-0.00039926890313632987
641,2018-07-20,-0.0033705079684940523
642,2018-07-23,-0.0019996678741197368
643,2018-07-24,0.0007250877025881889
644,2018-07-25,0.0018356594159877498
645,2018-07-26,-0.0005878948967513622
646,2018-07-27,-0.00864831902015937
647,2018-07-30,-0.004772268639999934
648,2018-07-31,-0.0013122445352649723
649,2018-08-01,0.00677712594750024
650,2018-08-02,0.0006531954054264317
651,2018-08-03,-0.0005761334001378625
652,2018-08-06,0.002399873758318155
653,2018-08-07,0.0015353639066304165
654,2018-08-08,0.004114953201308613
655,2018-08-09,0.002912587796974869
656,2018-08-10,0.0030170525649616483
657,2018-08-13,0.0019700584773000578
658,2018-08-14,0.0002969882273152598
659,2018-08-15,-0.0028591131833257243
660,2018-08-16,-0.0026607792027514843
661,2018-08-17,-0.004724369113203131
662,2018-08-20,0.00014005754462443904
663,2018-08-21,0.0007132130939940642
664,2018-08-22,0.003959850384466029
665,2018-08-23,0.0026764046281743782
666,2018-08-24,0.006374029309926523
667,2018-08-27,-0.004742283156533728
668,2018-08-28,0.0026157125851089813
669,2018-08-29,0.004195903091579751
670,2018-08-30,0.0007492666563831297
671,2018-08-31,0.00031365269848789294
672,2018-09-04,-0.002387772814005601
673,2018-09-05,-0.006435479641709336
674,2018-09-06,0.0014950387853560677
675,2018-09-07,0.0014052028811336274
676,2018-09-10,0.00042662208739110405
677,2018-09-11,0.0031844822422353366
678,2018-09-12,-0.0034988128956943304
679,2018-09-13,0.004072500544837199
680,2018-09-14,7.210248075426799e-07
681,2018-09-17,-0.0030037256332630046
682,2018-09-18,-0.0006900177340809547
683,2018-09-19,-0.008355794224656361
684,2018-09-20,-0.0013004484674868698
685,2018-09-21,-0.0014072444190086908
686,2018-09-24,0.00319342811433248
687,2018-09-25,0.002423522995236233
688,2018-09-26,0.0009636625457221217
689,2018-09-27,0.0012660074343937065
690,2018-09-28,0.0034430947176564307
691,2018-10-01,-0.002238416690545764
692,2018-10-02,-0.0036254055754566085
693,2018-10-03,-0.001056348461884815
694,2018-10-04,-0.007758233561961398
695,2018-10-05,-0.0008434394596156022
696,2018-10-08,-0.005669438936887144
697,2018-10-09,0.006065323544500933
698,2018-10-10,-0.01001776539702442
699,2018-10-11,0.0010318949681351283
700,2018-10-12,0.011602820034271086
701,2018-10-15,-0.008952302220452986
702,2018-10-16,0.01080066565565814
703,2018-10-17,-0.00332809071043283
704,2018-10-18,-0.005039133982400548
705,2018-10-19,-0.006949957982558385
706,2018-10-22,0.004044641817207189
707,2018-10-23,0.0014010258553754647
708,2018-10-24,-0.01248938181806196
709,2018-10-25,0.009131097159413069
710,2018-10-26,-0.0007432367913831829
711,2018-10-29,-0.008871672231702932
712,2018-10-30,0.007356873391768142
713,2018-10-31,0.0071320720013940695
714,2018-11-01,0.005339791178721598
715,2018-11-02,-0.0039809783008585625
716,2018-11-05,-0.00044090078007018557
717,2018-11-06,-0.003235016663620277
718,2018-11-07,0.00801970652008107
719,2018-11-08,0.002639241764753575
720,2018-11-09,0.0025905205941978322
721,2018-11-12,0.0024889350679336225
722,2018-11-13,0.0017649309124648464
723,2018-11-14,0.0026849205015184955
724,2018-11-15,0.0013090164999845885
725,2018-11-16,-0.008929282111231526
726,2018-11-19,-0.014333233287633737
727,2018-11-20,0.004512535604382927
728,2018-11-21,0.0038228805431372186
729,2018-11-23,0.00194021784425269
730,2018-11-26,0.0060402337730334306
731,2018-11-27,0.00044852060015200247
732,2018-11-28,0.005192158534162557
733,2018-11-29,-0.002338473579979045
734,2018-11-30,0.004599547050351661
735,2018-12-03,0.0019132775684938424
736,2018-12-04,-0.0028778885422140847
737,2018-12-06,0.006688734955468683
738,2018-12-07,-0.0060002592197074085
739,2018-12-10,0.0022530010294168185
740,2018-12-11,-2.936321463474872e-07
741,2018-12-12,0.0034245284989343257
742,2018-12-13,0.0010628267213360744
743,2018-12-14,-0.005921585970560666
744,2018-12-17,-0.005065495010714429
745,2018-12-18,0.006408766490140361
746,2018-12-19,0.0020493793637996307
747,2018-12-20,-0.00448365888679335
748,2018-12-21,0.004858364414331055
749,2018-12-24,-0.002152437915232789
750,2018-12-26,0.0057382535581432725
751,2018-12-27,0.0005053135040362252
752,2018-12-28,-0.00014786665788999478
753,2018-12-31,0.0008055031952501184
754,2019-01-02,-0.003377493920553465
755,2019-01-03,-0.0059320617188188055
756,2019-01-04,0.003154686525375539
757,2019-01-07,0.008055979290499633
758,2019-01-08,-0.0011238724315391197
759,2019-01-09,-0.0029101302150882184
760,2019-01-10,-0.001486447361592686
761,2019-01-11,0.0003187033793565718
762,2019-01-14,-0.002562529069969154
763,2019-01-15,0.01157734945346664
764,2019-01-16,-0.007586189430275504
765,2019-01-17,-0.0008788842434606317
766,2019-01-18,-0.005200001830020978
767,2019-01-22,0.0024841079886532445
768,2019-01-23,0.0041890681974264595
769,2019-01-24,-0.0012983964901822024
770,2019-01-25,-0.0019628514837481343
771,2019-01-28,-0.0021345706157275225
772,2019-01-29,-0.002512693973122327
773,2019-01-30,0.0006146698873578487
774,2019-01-31,0.006175468094191798
775,2019-02-01,-0.0010865504968534721
776,2019-02-04,0.003736926549150893
777,2019-02-05,0.0005896689799442078
778,2019-02-06,0.0005696959907539822
779,2019-02-07,-0.00025472123537356836
780,2019-02-08,-0.0011334224917158799
781,2019-02-11,-0.0003082148167787738
782,2019-02-12,-0.0024975121745410664
783,2019-02-13,-0.00082555377098108
784,2019-02-14,0.0036223504524432733
785,2019-02-15,-0.004629130895205087
786,2019-02-19,-0.0018922755457954413
787,2019-02-20,-0.00393936276381337
788,2019-02-21,-0.0012453583750367194
789,2019-02-22,0.0022332541667764174
790,2019-02-25,-0.0036846590508573035
791,2019-02-26,0.0013767480690552278
792,2019-02-27,-0.001547472756653795
793,2019-02-28,0.0009493936619876908
794,2019-03-01,0.005722546067892304
795,2019-03-04,-0.006946930478252595
796,2019-03-05,0.002244556810897175
797,2019-03-06,-0.0014933399869395624
798,2019-03-07,-0.0015629219124029153
799,2019-03-08,-0.006712312866607758
800,2019-03-11,0.003922281278114358
801,2019-03-12,0.0010328255350371518
802,2019-03-13,-0.00026824307005481887
803,2019-03-14,6.504155878631637e-05
804,2019-03-15,-0.00420985424813854
805,2019-03-18,-0.001144471212614745
806,2019-03-19,0.006579993468851099
807,2019-03-20,0.004839805152321075
808,2019-03-21,0.003494364309046144
809,2019-03-22,-0.0040378644958343046
810,2019-03-25,0.001589124434295852
811,2019-03-26,-0.0033007774980773836
812,2019-03-27,-0.002124710653975403
813,2019-03-28,-0.0029923498514253188
814,2019-03-29,0.0010207559486482328
815,2019-04-01,-0.0019375903573898077
816,2019-04-02,0.0005407557204552549
817,2019-04-03,0.002911384006681384
818,2019-04-04,-0.004137588721833785
819,2019-04-05,-0.0003662375339317568
820,2019-04-08,-0.000731676823948818
821,2019-04-09,0.0015573198197036788
822,2019-04-10,0.0009757342609693961
823,2019-04-11,-0.000998140069396975
824,2019-04-12,-0.008907423766863059
825,2019-04-15,0.0033079092732222594
826,2019-04-16,-0.0061233036378869395
827,2019-04-17,-0.0011583328247782687
828,2019-04-18,0.0016020804916970382
829,2019-04-22,0.003469920552319873
830,2019-04-23,0.004861589215099178
831,2019-04-24,-0.0020415398244844007
832,2019-04-25,0.009391148151294389
833,2019-04-26,-0.001780695920194177
834,2019-04-29,-0.0023269897606318707
835,2019-04-30,-0.0024034877814755337
836,2019-05-01,0.0019284989693353124
837,2019-05-02,-0.00310912424753379
838,2019-05-03,0.0016095882293458445
839,2019-05-06,-0.001442847879520825
840,2019-05-07,-0.004467170708876944
841,2019-05-08,-0.0008298327854308453
842,2019-05-09,-0.00020547780141099694
843,2019-05-10,-0.0013104794890763719
844,2019-05-13,-0.0035915746584931347
845,2019-05-14,0.0047628034497857515
846,2019-05-15,0.0019173459731806563
847,2019-05-16,0.003925398700382727
848,2019-05-17,-0.0028950044254871417
849,2019-05-20,-0.0014051938116490753
850,2019-05-21,0.0022724631142475404
851,2019-05-22,0.004837178503746304
852,2019-05-23,-0.002217978888948596
853,2019-05-24,0.0010462928292899242
854,2019-05-28,0.00486163789120354
855,2019-05-29,-0.0033198991908870166
856,2019-05-30,0.005042341517384152
857,2019-05-31,-0.00022242183567484594
858,2019-06-03,-0.008215166621204485
859,2019-06-04,0.0007366920785674216
860,2019-06-05,0.007259516778683719
861,2019-06-06,-0.0001985278370523752
862,2019-06-07,0.0023356364383452463
863,2019-06-10,-0.006617035525708892
864,2019-06-11,-0.003001896970358797
865,2019-06-12,0.006695676732543621
866,2019-06-13,-0.002013725985286835
867,2019-06-14,0.0008332052995206008
868,2019-06-17,0.0025369028859971226
869,2019-06-18,0.0009235709285446655
870,2019-06-19,0.005521290275101976
871,2019-06-20,0.0026092244955098873
872,2019-06-21,0.0002167776614955429
873,2019-06-24,-0.004033722564750531
874,2019-06-25,-0.007648251725855593
875,2019-06-26,0.0008713309200242882
876,2019-06-27,-0.0004940516429297935
877,2019-06-28,-0.0016742785714429942
878,2019-07-01,0.004404257490965254
879,2019-07-02,0.0005043567691204957
880,2019-07-03,0.0024868161117970414
881,2019-07-05,-0.0009213675649052959
882,2019-07-08,0.00038137759245053814
883,2019-07-09,0.001578506053354717
884,2019-07-10,0.0037294073088221134
885,2019-07-11,-0.003100891266187767
886,2019-07-12,-0.003923308498591183
887,2019-07-15,0.001564034021212868
888,2019-07-16,-0.0023559265463615046
889,2019-07-17,0.0008295749969236821
890,2019-07-18,-0.009623496142451712
891,2019-07-19,-0.007325391279965621
892,2019-07-22,-0.0008993413302736454
893,2019-07-23,-0.0023587543143876177
894,2019-07-24,0.0019242094498842064
895,2019-07-25,0.005825255380381777
896,2019-07-26,0.0032843459858433346
897,2019-07-29,-0.0014393277005635694
898,2019-07-30,-0.0036660784598078213
899,2019-07-31,0.0027705750708425627
900,2019-08-01,0.0040028515241539945
901,2019-08-02,-0.003530933492039239
902,2019-08-05,-0.00048644913495885043
903,2019-08-06,0.004850133935290125
904,2019-08-07,0.00031000069222360537
905,2019-08-08,0.006043679650103953
906,2019-08-09,-0.002255459954697715
907,2019-08-12,-0.00034640121456723733
908,2019-08-13,0.0011558281573466349
909,2019-08-14,0.0003332408502840318
910,2019-08-15,0.0020247206093292618
911,2019-08-16,0.00013849811192259036
912,2019-08-19,0.0009682239249442446
913,2019-08-20,0.0014432180932476555
914,2019-08-21,0.002357000107245066
915,2019-08-22,-0.0014191916903102287
916,2019-08-23,-0.0015371340030367689
917,2019-08-26,0.0072802313637664534
918,2019-08-27,0.006172222861882155
919,2019-08-28,-0.0046177803653771445
920,2019-08-29,0.0057891214206235555
921,2019-08-30,-0.0029023809264438756
922,2019-09-03,-0.0020229960093881274
923,2019-09-04,0.001441727166402955
924,2019-09-05,0.0025525422986586
925,2019-09-06,-0.0029259174975848454
926,2019-09-09,-0.008173526781567015
927,2019-09-10,-0.007573350360836866
928,2019-09-11,9.540017254272565e-05
929,2019-09-12,0.0068148593130378625
930,2019-09-13,0.0031233642910548534
931,2019-09-16,0.0026335314623358924
932,2019-09-17,0.0026998887432032777
933,2019-09-18,0.004835928881711671
934,2019-09-19,0.00021294827031007046
935,2019-09-20,-0.0037050087831380363
936,2019-09-23,-0.0008459700742672382
937,2019-09-24,-0.0052043005810326745
938,2019-09-25,-0.002074531001829822
939,2019-09-26,0.0022933423034559304
940,2019-09-27,-0.006092793624846466
941,2019-09-30,0.0012258018958643372
942,2019-10-01,0.00211198226936723
943,2019-10-02,-0.0018652718764195603
944,2019-10-03,0.0041241819818928
945,2019-10-04,0.002178731048171088
946,2019-10-07,0.0006391250895824598
947,2019-10-08,-0.0026014047239502182
948,2019-10-09,0.0014650970093183452
949,2019-10-10,-0.0005395709540293892
950,2019-10-11,-8.247999237985374e-05
951,2019-10-14,0.0004658631164592033
952,2019-10-15,0.0003226110500403782
953,2019-10-16,-0.0017640760070979592
954,2019-10-17,0.0001728207850994431
955,2019-10-18,-0.0042408005684960275
956,2019-10-21,-0.0015001417605373327
957,2019-10-22,-0.007068675883445536
958,2019-10-23,0.003221018507667322
959,2019-10-24,-0.00010239817325324834
960,2019-10-25,-0.0020088371312265204
961,2019-10-28,0.006544552085065149
962,2019-10-29,-0.003979984471526566
963,2019-10-30,0.0072821910097624395
964,2019-10-31,0.005666213633612172
965,2019-11-01,0.0017522967668628497
966,2019-11-04,-0.00479370938158708
967,2019-11-05,-0.0024164797298123816
968,2019-11-06,0.0021773147442517233
969,2019-11-07,0.0006503682287361703
970,2019-11-08,-0.001815763330748355
971,2019-11-11,0.003462914842756209
972,2019-11-12,-0.0009624559364839467
973,2019-11-13,0.006554251123828464
974,2019-11-14,0.005491900866546546
975,2019-11-15,0.0015418077750074977
976,2019-11-18,0.0014333734772902457
977,2019-11-19,0.0024226097324026863
978,2019-11-20,0.0007996860645685445
979,2019-11-21,0.0007230590780247292
980,2019-11-22,-0.003011915067762505
981,2019-11-25,-0.0014292744821864547
982,2019-11-26,0.003405413789065393
983,2019-11-27,0.0001569225551254996
984,2019-11-29,0.0005783294436012332
985,2019-12-02,-0.0004203504771137577
986,2019-12-03,0.006645973417913171
987,2019-12-04,-0.0027405943941235405
988,2019-12-05,0.000503095506889839
989,2019-12-06,-0.0020754921112087826
990,2019-12-09,-0.0017452590086686707
991,2019-12-10,-0.0011889986585663702
992,2019-12-11,-0.0006724642232043386
993,2019-12-12,-0.005278318856137832
994,2019-12-13,0.007046773385109363
995,2019-12-16,-0.00029646238599565476
996,2019-12-17,-0.0004889281496494813
997,2019-12-18,0.00171295612924795
998,2019-12-19,0.004759958923235063
999,2019-12-20,0.0009958187782899417
1000,2019-12-23,-0.0025918534004266583
1001,2019-12-24,0.0007301857163331093
1002,2019-12-26,0.0011475410871966125
1003,2019-12-27,0.000669668834470566
1004,2019-12-30,-0.0014762081680785475
1005,2019-12-31,-0.0004651528606857746
1006,2020-01-02,-0.0017364387600138642
1007,2020-01-03,-1.1680554282189181e-05
1008,2020-01-06,0.003974326291993985
1009,2020-01-07,-0.0018061311825177057
1010,2020-01-08,0.002099478637470786
1011,2020-01-09,0.0009090834603022466
1012,2020-01-10,0.0023857501611709905
1013,2020-01-13,0.0023408344752059054
1014,2020-01-14,0.003147287792351905
1015,2020-01-15,-0.002670353655054969
1016,2020-01-16,-0.001513379524986181
1017,2020-01-17,0.0017230373816806864
1018,2020-01-21,0.0020697124403190608
1019,2020-01-22,0.0007417176196816198
1020,2020-01-23,0.002724671303756381
1021,2020-01-24,0.0029243949573887758
1022,2020-01-27,0.004430748008559992
1023,2020-01-28,-0.0002521460264348856
1024,2020-01-29,-0.0034191752126243756
1025,2020-01-30,0.002539747621040756
1026,2020-01-31,0.0004938598095898623
1027,2020-02-03,0.007951599465908217
1028,2020-02-04,0.00011947608379917363
1029,2020-02-05,-0.007801421295884365
1030,2020-02-06,0.0016290396546743524
1031,2020-02-07,0.004124383026806034
1032,2020-02-10,0.0034956007722473765
1033,2020-02-11,-0.001189096514308491
1034,2020-02-12,-0.0011059083576350208
1035,2020-02-13,0.0033607088374288
1036,2020-02-14,0.002992941057303156
1037,2020-02-18,0.0032195430726306936
1038,2020-02-19,0.0013662952112244936
1039,2020-02-20,-0.0006751157113248194
1040,2020-02-21,-0.0030624730178373753
1041,2020-02-24,-0.0005418124028849745
1042,2020-02-25,0.0006791406969669279
1043,2020-02-26,0.005180868646463349
1044,2020-02-27,-0.0026797986507081416
1045,2020-02-28,-0.0032143050584544316
1046,2020-03-02,0.00912052204296142
1047,2020-03-03,-0.002138270475549781
1048,2020-03-04,0.004252898158810659
1049,2020-03-05,0.0015549046973049123
1050,2020-03-06,0.001688758266583706
1051,2020-03-09,0.007528354841517834
1052,2020-03-10,0.004280812818989293
1053,2020-03-11,0.0017594556353562564
1054,2020-03-12,-0.0020212626818435983
1055,2020-03-13,-0.006890420435894496
1056,2020-03-16,-0.010740460763814826
1057,2020-03-17,0.009316857041044346
1058,2020-03-18,0.011636784755124446
1059,2020-03-19,-0.011547317682520578
1060,2020-03-20,-0.0002912317496219529
1061,2020-03-23,0.007707726900844954
1062,2020-03-24,-0.005719289250310311
1063,2020-03-25,-0.006344457270790639
1064,2020-03-26,0.0030523850551306565
1065,2020-03-27,0.005763636382756792
1066,2020-03-30,0.003498048871325046
1067,2020-03-31,-0.007371605618280511
1068,2020-04-01,-0.0003253360292669056
1069,2020-04-02,0.0016182424655940058
1070,2020-04-03,-0.0013671116943851306
1071,2020-04-06,0.008658510883043303
1072,2020-04-07,-0.006319755255614185
1073,2020-04-08,-0.006602418790248249
1074,2020-04-09,0.008835113253362021
1075,2020-04-13,0.0078225349778126
1076,2020-04-14,0.010950581674562717
1077,2020-04-15,0.009986862900785138
1078,2020-04-16,0.008754754245187336
1079,2020-04-17,-0.009337456588222897
1080,2020-04-20,0.001410479336237857
1081,2020-04-21,-0.000641730028411786
1082,2020-04-22,0.0019610478063065966
1083,2020-04-23,-0.005556399470740313
1084,2020-04-24,-0.001299753588401426
1085,2020-04-27,-0.01142504036118826
1086,2020-04-28,-0.010276096790106316
1087,2020-04-29,-0.007827294692724652
1088,2020-04-30,0.015956166985444827
1089,2020-05-01,0.009620536467709273
1090,2020-05-04,0.004318134338719743
1091,2020-05-05,0.006721663378648284
1092,2020-05-06,0.006445984467948817
1093,2020-05-07,-0.0019990187791083134
1094,2020-05-08,-0.00621480360522091
1095,2020-05-11,0.011430901059092986
1096,2020-05-12,0.0034731568203066393
1097,2020-05-13,0.006144007185653345
1098,2020-05-14,-0.007804926646291511
1099,2020-05-15,0.013510695620686937
1100,2020-05-18,-0.01984644308138532
1101,2020-05-19,0.00805092356358632
1102,2020-05-20,-0.010855648969172533
1103,2020-05-21,0.003540996257814933
1104,2020-05-22,0.0024296252604846143
1105,2020-05-26,-0.020913622316113562
1106,2020-05-27,-0.007711189625768222
1107,2020-05-28,0.011288446151120764
1108,2020-05-29,-0.0003135696165905485
1109,2020-06-01,-0.001123775255858417
1110,2020-06-02,-0.008696530686253935
1111,2020-06-03,-0.00979030676488258
1112,2020-06-04,-0.013175815494958465
1113,2020-06-05,-0.006460198132017881
1114,2020-06-08,-0.010023366527315853
1115,2020-06-09,0.010188509237553402
1116,2020-06-10,0.01673258736925271
1117,2020-06-11,0.013354781843764376
1118,2020-06-12,-0.008747006746272512
1119,2020-06-15,-0.0008226153603898555
1120,2020-06-16,-0.0005536917392391925
1121,2020-06-17,0.008697691622196333
1122,2020-06-18,0.0011710511412908015
1123,2020-06-19,0.0020064330838459876
1124,2020-06-22,0.009008316785924753
1125,2020-06-23,0.0009273539378265479
1126,2020-06-24,0.003470228449925138
1127,2020-06-25,-0.0010538140896656839
1128,2020-06-26,0.0047054360507764355
1129,2020-06-29,-0.0037073170261458796
1130,2020-06-30,0.0014980070846395358
1131,2020-07-01,0.007097154950663137
1132,2020-07-02,-0.0019244861639975909
1133,2020-07-06,0.0013703904113464003
1134,2020-07-07,0.0021675816894818466
1135,2020-07-08,0.0032249212627199876
1136,2020-07-09,0.003947269624586502
1137,2020-07-10,-0.008490589270444618
1138,2020-07-13,-0.00360989136203429
1139,2020-07-14,0.0025629474717958965
1140,2020-07-15,-0.003996831022088554
1141,2020-07-16,0.000548063520514597
1142,2020-07-17,0.002155829089995321
1143,2020-07-20,0.010213642670671465
1144,2020-07-21,-0.01168066244295678
1145,2020-07-22,0.0071783657132502956
1146,2020-07-23,-0.0037901696410847685
1147,2020-07-24,0.0016163092102081998
1148,2020-07-27,0.003916306741534627
1149,2020-07-28,-0.003447505572736543
1150,2020-07-29,-0.0006374068344160372
1151,2020-07-30,-0.0020809974479857494
1152,2020-07-31,0.005252452969726467
1153,2020-08-03,0.0037574432586932067
1154,2020-08-04,-0.006544157232182369
1155,2020-08-05,0.0019448044011544647
1156,2020-08-06,-0.0002140552574533605
1157,2020-08-07,-0.005394285328457244
1158,2020-08-10,-0.0018883769069255652
1159,2020-08-11,-0.006054164203757474
1160,2020-08-12,0.001668145154841221
1161,2020-08-13,0.007381917659540194
1162,2020-08-14,-0.0025473518704877633
1163,2020-08-17,0.005096210511018379
1164,2020-08-18,0.008096584055812628
1165,2020-08-19,0.0026107593008739714
1166,2020-08-20,0.0041250265672173984
1167,2020-08-21,0.0005887227786184778
1168,2020-08-24,-0.011271502039658682
1169,2020-08-25,0.003678292848402488
1170,2020-08-26,0.024104210784992527
1171,2020-08-27,-0.006054423305974566
1172,2020-08-28,-0.0036134417186273306
1173,2020-08-31,0.0060242350574958095
1174,2020-09-01,0.006221989028769076
1175,2020-09-02,-0.0031332103354041125
1176,2020-09-03,-0.0075287501689759685
1177,2020-09-04,-0.009699861495714156
1178,2020-09-08,0.002550742725196746
1179,2020-09-09,0.004950721306644484
1180,2020-09-10,0.0014218739180566825
1181,2020-09-11,0.003964434437390635
1182,2020-09-14,0.0036433273735606577
1183,2020-09-15,0.0067217114968193305
1184,2020-09-16,-0.005972647352835142
1185,2020-09-17,0.0006208958553609596
1186,2020-09-18,0.004778688843009399
1187,2020-09-21,0.006641164321192551
1188,2020-09-22,0.005341904458209929
1189,2020-09-23,0.007537668346034674
1190,2020-09-24,-0.007137867241550223
1191,2020-09-25,0.004900635354943807
1192,2020-09-28,-0.005556518053163008
1193,2020-09-29,0.008416503621015575
1194,2020-09-30,-0.0010971608246588488
1195,2020-10-01,0.0018465171142798109
1196,2020-10-02,-0.007346686116638991
1197,2020-10-05,-0.0006775449011713061
1198,2020-10-06,-0.00537920042745727
1199,2020-10-07,0.004572016397082699
1200,2020-10-08,-0.003615038013144817
1201,2020-10-09,0.006256074831236331
1202,2020-10-12,-0.003613409852516197
1203,2020-10-13,0.009447219721830541
1204,2020-10-14,-0.0005697841292478241
1205,2020-10-15,0.0012392137796874373
1206,2020-10-16,0.0013849973721279162
1207,2020-10-19,0.0002761410537234885
1208,2020-10-20,-0.002002154625860042
1209,2020-10-21,0.0005004183511874215
1210,2020-10-22,-0.009408289578411293
1211,2020-10-23,0.004140477590414937
1212,2020-10-26,0.00032930758875358563
1213,2020-10-27,0.010041147581133036
1214,2020-10-28,-0.004698842085627378
1215,2020-10-29,-0.007392137362861918
1216,2020-10-30,-0.002709217072893227
1217,2020-11-02,-0.0020378124699410574
1218,2020-11-03,0.0011127858824933126
1219,2020-11-04,0.01724396427152719
1220,2020-11-05,0.0017206054622218789
1221,2020-11-06,0.0034304332408557235
1222,2020-11-09,-0.05566873083411063
1223,2020-11-10,-0.0018790891785411545
1224,2020-11-11,0.002988680525989291
1225,2020-11-12,0.0031185306471065988
1226,2020-11-13,-0.005149075447994668
1227,2020-11-16,-0.008227738666890883
1228,2020-11-17,0.002112865213072557
1229,2020-11-18,-0.005537604119038252
1230,2020-11-19,-0.0010072288819929812
1231,2020-11-20,0.00014478191616859495
1232,2020-11-23,-0.009152476633755582
1233,2020-11-24,-0.01673513390146324
1234,2020-11-25,0.0022437166385414218
1235,2020-11-27,0.003209971688858317
1236,2020-11-30,0.011379191832257211
1237,2020-12-01,-0.002569576251411538
1238,2020-12-02,-0.010106436380634638
1239,2020-12-03,0.001390737977359195
1240,2020-12-04,-0.004722618323758906
1241,2020-12-07,0.002078583582360052
1242,2020-12-08,-0.002186926437378927
1243,2020-12-09,-0.0025248876721192955
1244,2020-12-10,-0.0030461435234699847
1245,2020-12-11,-0.00033450909112244377
1246,2020-12-14,0.0038032023080503364
1247,2020-12-15,-0.002564925885556907
1248,2020-12-16,0.00038897291196042446
1249,2020-12-17,0.003419728287868313
1250,2020-12-18,0.00371160982702416
1251,2020-12-21,-0.00028832571273657015
1252,2020-12-22,0.006936758609276739
1253,2020-12-23,-0.009080216720686329
1254,2020-12-24,0.0023615073036714674
1255,2020-12-28,-0.0011062723848530515
1256,2020-12-29,0.000614034450510198
1257,2020-12-30,-0.0024243628984939097
1258,2020-12-31,-0.0007371614905149419
1259,2021-01-04,-0.00013800555486616047
1260,2021-01-05,-0.0035573268350449776
1261,2021-01-06,-0.01233443670494565
1262,2021-01-07,0.0028892595902160027
1263,2021-01-08,0.0021848759853774218
1264,2021-01-11,0.0009654262966382887
1265,2021-01-12,-0.007095220798461369
1266,2021-01-13,-0.00035543004231627397
1267,2021-01-14,-0.0074345514933191695
1268,2021-01-15,0.00950968596282783
1269,2021-01-19,0.002533147247987866
1270,2021-01-20,0.0012788839188801345
1271,2021-01-21,0.00295455653336556
1272,2021-01-22,0.0009251258384960549
1273,2021-01-25,0.0021185564514229985
1274,2021-01-26,-0.0007832330152983121
1275,2021-01-27,1.118243207805453e-05
1276,2021-01-28,-0.0014513121189640985
1277,2021-01-29,0.007868397280242162
1278,2021-02-01,-0.0011544521258309512
1279,2021-02-02,-0.0016568803657701964
1280,2021-02-03,-0.004274405509042563
1281,2021-02-04,-0.007317465868213153
1282,2021-02-05,-0.0001328493959181612
1283,2021-02-08,-0.007568919686466868
1284,2021-02-09,0.0011979259382282506
1285,2021-02-10,-0.003932927638027362
1286,2021-02-11,0.0020912225903489735
1287,2021-02-12,-2.931126045337411e-05
1288,2021-02-16,-0.005097579138178798
1289,2021-02-17,-0.003913608491892984
1290,2021-02-18,-0.0033574207406684097
1291,2021-02-19,-0.005733608422733537
1292,2021-02-22,-0.0028183178773189435
1293,2021-02-23,-0.0032279075171118346
1294,2021-02-24,-0.006923569692898874
1295,2021-02-25,0.003556313872320138
1296,2021-02-26,0.00040594432183614247
1297,2021-03-01,-0.0022798062017265427
1298,2021-03-02,0.0004575963942590965
1299,2021-03-03,-0.008506860225864795
1300,2021-03-04,-0.004364368135828284
1301,2021-03-05,0.004915367998350659
1302,2021-03-08,-0.003661316373848744
1303,2021-03-09,0.0023670791237673863
1304,2021-03-10,-0.0068138910299772315
1305,2021-03-11,0.002887592185463084
1306,2021-03-12,-0.004540079718993545
1307,2021-03-15,0.000846325845236674
1308,2021-03-16,0.004782719813473562
1309,2021-03-17,-0.004261915026875695
1310,2021-03-18,0.006263561773457799
1311,2021-03-19,0.004479637629739971
1312,2021-03-22,0.0025515249415742633
1313,2021-03-23,0.001124567262633075
1314,2021-03-24,-0.004322800273344851
1315,2021-03-25,-0.002672192010003144
1316,2021-03-26,0.00032188446649507205
1317,2021-03-29,0.004138607926686549
1318,2021-03-30,-0.003920068870344401
1319,2021-03-31,0.0022603802044952547
1320,2021-04-01,-0.002902820363127407
1321,2021-04-05,0.0031855148710530417
1322,2021-04-06,-0.0011918181290971165
1323,2021-04-07,0.00025263078919589017
1324,2021-04-08,0.0020340851257729443
1325,2021-04-09,0.00542363435047601
1326,2021-04-12,0.0007450967053624085
1327,2021-04-13,0.0038473371599458354
1328,2021-04-14,-0.004914704308690525
1329,2021-04-15,0.006874880646448251
1330,2021-04-16,0.0009091836331275192
1331,2021-04-19,0.0046101326693755995
1332,2021-04-20,0.005139861563872967
1333,2021-04-21,-0.0005631248544683944
1334,2021-04-22,0.0003748394796952712
1335,2021-04-23,-0.001969347792515508
1336,2021-04-26,-0.0006679843939061069
1337,2021-04-27,-0.0032704345163838524
1338,2021-04-28,-0.0011710227001438035
1339,2021-04-29,-0.008884054884196276
1340,2021-04-30,0.003914731131434085
1341,2021-05-03,-0.001500837678225048
1342,2021-05-04,-0.002270499694457268
1343,2021-05-05,-0.0013477915341044532
1344,2021-05-06,-0.0025084996351170674
1345,2021-05-07,-0.0023339621913828663
1346,2021-05-10,0.0005835287856691022
1347,2021-05-11,0.0014615185457009189
1348,2021-05-12,-0.0006737062209807069
1349,2021-05-13,0.0011855595620316318
1350,2021-05-14,-0.0032488586666517163
1351,2021-05-17,-0.0019036750651939386
1352,2021-05-18,0.007037421226143343
1353,2021-05-19,0.005083897760888617
