Unnamed: 0,Ticker,DlyCalDt,DlyPrc,DlyCap,DlyRet
96270,KHC,2015-07-06,72.96,88465751.04,
96271,KHC,2015-07-07,74.63,90490666.12,0.022889
96272,KHC,2015-07-08,75.4,91424309.6,0.010318
96273,KHC,2015-07-09,74.8,90696795.2,-0.007958
96274,KHC,2015-07-10,77.31,93740230.44,0.033556
96275,KHC,2015-07-13,78.83,95583266.92,0.019661
96276,KHC,2015-07-14,78.0,94576872.0,-0.010529
96277,KHC,2015-07-15,76.71,93012716.04,-0.016538
96278,KHC,2015-07-16,78.75,95486265.0,0.026594
96279,KHC,2015-07-17,79.63,96553286.12,0.011175
96280,KHC,2015-07-20,80.11,97135297.64,0.006028
96281,KHC,2015-07-21,80.22,97268675.28,0.001373
96282,KHC,2015-07-22,78.64,95352887.36,-0.019696
96283,KHC,2015-07-23,76.74,93049091.76,-0.017167
96284,KHC,2015-07-24,76.41,92648958.84,-0.0043
96285,KHC,2015-07-27,77.38,93825107.12,0.012695
96286,KHC,2015-07-28,78.32,94964879.68,0.012148
96287,KHC,2015-07-29,77.91,94467744.84,-0.005235
96288,KHC,2015-07-30,79.21,96044026.04,0.016686
96289,KHC,2015-07-31,79.47,96383838.51,0.003282
96290,KHC,2015-08-03,80.37,97475388.21,0.011325
96291,KHC,2015-08-04,79.81,96796201.73,-0.006968
96292,KHC,2015-08-05,80.48,97608799.84,0.008395
96293,KHC,2015-08-06,79.76,96735560.08,-0.008946
96294,KHC,2015-08-07,78.46,95158877.18,-0.016299
96295,KHC,2015-08-10,78.81,95583368.73,0.004461
96296,KHC,2015-08-11,77.97,94564589.01,-0.010659
96297,KHC,2015-08-12,76.69,93012162.77,-0.016417
96298,KHC,2015-08-13,75.99,92163179.67,-0.009128
96299,KHC,2015-08-14,76.42,92684697.86,0.005659
96300,KHC,2015-08-17,75.8,91932741.4,-0.008113
96301,KHC,2015-08-18,75.19,91192913.27,-0.008047
96302,KHC,2015-08-19,74.78,90695651.74,-0.005453
96303,KHC,2015-08-20,74.25,90052850.25,-0.007087
96304,KHC,2015-08-21,72.27,87651440.91,-0.026667
96305,KHC,2015-08-24,70.87,85953474.71,-0.019372
96306,KHC,2015-08-25,70.21,85153004.93,-0.009313
96307,KHC,2015-08-26,73.91,89640487.03,0.052699
96308,KHC,2015-08-27,75.18,91180784.94,0.017183
96309,KHC,2015-08-28,74.69,90586496.77,-0.006518
96310,KHC,2015-08-31,72.66,88124445.78,-0.027179
96311,KHC,2015-09-01,70.12,85043849.96,-0.034957
96312,KHC,2015-09-02,72.07,87408874.31,0.027809
96313,KHC,2015-09-03,72.16,87518029.28,0.001249
96314,KHC,2015-09-04,70.57,85589624.81,-0.022034
96315,KHC,2015-09-08,74.07,89834540.31,0.049596
96316,KHC,2015-09-09,72.17,87530157.61,-0.025651
96317,KHC,2015-09-10,72.16,87518029.28,-0.000139
96318,KHC,2015-09-11,73.76,89458562.08,0.022173
96319,KHC,2015-09-14,74.55,90416700.15,0.01071
96320,KHC,2015-09-15,75.39,91435479.87,0.011268
96321,KHC,2015-09-16,76.37,92624056.21,0.012999
96322,KHC,2015-09-17,76.43,92696826.19,0.000786
96323,KHC,2015-09-18,75.44,91496121.52,-0.012953
96324,KHC,2015-09-21,75.2,91205041.6,-0.003181
96325,KHC,2015-09-22,74.31,90125620.23,-0.011835
96326,KHC,2015-09-23,73.31,88912787.23,-0.013457
96327,KHC,2015-09-24,72.92,88439782.36,-0.00532
96328,KHC,2015-09-25,73.35,88986166.2,0.005897
96329,KHC,2015-09-28,69.99,84909908.28,-0.045808
96330,KHC,2015-09-29,69.2,83951502.4,-0.011287
96331,KHC,2015-09-30,70.58,85625679.76,0.019942
96332,KHC,2015-10-01,70.83,85928972.76,0.003542
96333,KHC,2015-10-02,71.41,86632612.52,0.008189
96334,KHC,2015-10-05,72.24,87639545.28,0.011623
96335,KHC,2015-10-06,72.47,87918574.84,0.003184
96336,KHC,2015-10-07,73.15,88743531.8,0.009383
96337,KHC,2015-10-08,74.43,90296391.96,0.017498
96338,KHC,2015-10-09,74.39,90247865.08,-0.000537
96339,KHC,2015-10-12,73.72,89435039.84,-0.009007
96340,KHC,2015-10-13,73.38,89022561.36,-0.004612
96341,KHC,2015-10-14,73.77,89495698.44,0.005315
96342,KHC,2015-10-15,75.22,91254797.84,0.019656
96343,KHC,2015-10-16,77.39,93887381.08,0.028849
96344,KHC,2015-10-19,76.8,93171609.6,-0.007624
96345,KHC,2015-10-20,76.87,93256531.64,0.000911
96346,KHC,2015-10-21,77.05,93474902.6,0.002342
96347,KHC,2015-10-22,79.94,96980969.68,0.037508
96348,KHC,2015-10-23,77.98,94603152.56,-0.024518
96349,KHC,2015-10-26,76.81,93183741.32,-0.015004
96350,KHC,2015-10-27,77.17,93620483.24,0.004687
96351,KHC,2015-10-28,79.18,96058958.96,0.026046
96352,KHC,2015-10-29,78.65,95415977.8,-0.006694
96353,KHC,2015-10-30,77.97,94613164.32,-0.008646
96354,KHC,2015-11-02,78.27,94977201.12,0.003848
96355,KHC,2015-11-03,76.43,92744442.08,-0.023508
96356,KHC,2015-11-04,75.82,92004233.92,-0.007981
96357,KHC,2015-11-05,75.42,91518851.52,-0.005276
96358,KHC,2015-11-06,72.01,87380966.56,-0.045213
96359,KHC,2015-11-09,71.24,86446605.44,-0.010693
96360,KHC,2015-11-10,72.08,87465908.48,0.011791
96361,KHC,2015-11-11,72.11,87502312.16,0.000416
96362,KHC,2015-11-12,70.9,86034030.4,-0.008806
96363,KHC,2015-11-13,70.77,85876281.12,-0.001834
96364,KHC,2015-11-16,71.655,86950189.68,0.012505
96365,KHC,2015-11-17,71.45,86701431.2,-0.002861
96366,KHC,2015-11-18,72.585,88078703.76,0.015885
96367,KHC,2015-11-19,73.34,88994863.04,0.010402
96368,KHC,2015-11-20,73.65,89371034.4,0.004227
96369,KHC,2015-11-23,74.07,89880685.92,0.005703
96370,KHC,2015-11-24,74.47,90366068.32,0.0054
96371,KHC,2015-11-25,74.64,90572355.84,0.002283
96372,KHC,2015-11-27,74.61,90535952.16,-0.000402
96373,KHC,2015-11-30,73.69,89419572.64,-0.012331
96374,KHC,2015-12-01,74.47,90366068.32,0.010585
96375,KHC,2015-12-02,73.04,88630826.24,-0.019202
96376,KHC,2015-12-03,71.46,86713565.76,-0.021632
96377,KHC,2015-12-04,72.22,87635792.32,0.010635
96378,KHC,2015-12-07,71.43,86677162.08,-0.010939
96379,KHC,2015-12-08,71.53,86798507.68,0.0014
96380,KHC,2015-12-09,70.9,86034030.4,-0.008807
96381,KHC,2015-12-10,70.84,85961223.04,-0.000846
96382,KHC,2015-12-11,69.69,84565748.64,-0.016234
96383,KHC,2015-12-14,70.975,86125039.6,0.018439
96384,KHC,2015-12-15,72.01,87380966.56,0.014583
96385,KHC,2015-12-16,73.01,88594422.56,0.013887
96386,KHC,2015-12-17,71.92,87271755.52,-0.014929
96387,KHC,2015-12-18,70.67,85754935.52,-0.01738
96388,KHC,2015-12-21,71.38,86616489.28,0.018183
96389,KHC,2015-12-22,72.93,88497346.08,0.021715
96390,KHC,2015-12-23,74.51,90414606.56,0.021665
96391,KHC,2015-12-24,73.96,89747205.76,-0.007382
96392,KHC,2015-12-28,73.42,89091939.52,-0.007301
96393,KHC,2015-12-29,74.69,90633028.64,0.017298
96394,KHC,2015-12-30,73.75,89492380.0,-0.012585
96395,KHC,2015-12-31,72.76,88329112.04,-0.013424
96396,KHC,2016-01-04,72.7,88256273.3,-0.000825
96397,KHC,2016-01-05,73.39,89093918.81,0.009491
96398,KHC,2016-01-06,73.53,89263875.87,0.001908
96399,KHC,2016-01-07,71.9,87285090.1,-0.022168
96400,KHC,2016-01-08,71.18,86411025.22,-0.010014
96401,KHC,2016-01-11,72.27,87734262.33,0.015313
96402,KHC,2016-01-12,73.23,88899682.17,0.013284
96403,KHC,2016-01-13,70.81,85961852.99,-0.033047
96404,KHC,2016-01-14,70.74,85876874.46,-0.000989
96405,KHC,2016-01-15,69.2,84007346.8,-0.02177
96406,KHC,2016-01-19,70.17,85184906.43,0.014017
96407,KHC,2016-01-20,71.17,86398885.43,0.014251
96408,KHC,2016-01-21,73.05,88681165.95,0.026416
96409,KHC,2016-01-22,74.39,90307897.81,0.018344
96410,KHC,2016-01-25,74.03,89870865.37,-0.004839
96411,KHC,2016-01-26,75.98,92238124.42,0.026341
96412,KHC,2016-01-27,75.97,92225984.63,-0.000132
96413,KHC,2016-01-28,76.16,92456640.64,0.002501
96414,KHC,2016-01-29,78.06,94763200.74,0.024947
96415,KHC,2016-02-01,77.01,93488522.79,-0.013451
96416,KHC,2016-02-02,75.97,92225984.63,-0.013505
96417,KHC,2016-02-03,74.89,90914887.31,-0.014216
96418,KHC,2016-02-04,74.15,90016542.85,-0.009881
96419,KHC,2016-02-05,72.78,88353391.62,-0.018476
96420,KHC,2016-02-08,71.22,86459584.38,-0.021434
96421,KHC,2016-02-09,71.51,86811638.29,0.004072
96422,KHC,2016-02-10,72.11,87540025.69,0.00839
96423,KHC,2016-02-11,71.44,86726659.76,-0.009291
96424,KHC,2016-02-12,71.92,87309369.68,0.006719
96425,KHC,2016-02-16,72.31,87782821.49,0.005423
96426,KHC,2016-02-17,74.24,90125800.96,0.026691
96427,KHC,2016-02-18,73.45,89166757.55,-0.010641
96428,KHC,2016-02-19,73.52,89251736.08,0.000953
96429,KHC,2016-02-22,73.33,89075490.93,-0.002584
96430,KHC,2016-02-23,72.82,88455983.22,-0.006955
96431,KHC,2016-02-24,72.99,88662485.79,0.002335
96432,KHC,2016-02-25,74.96,91055486.16,0.02699
96433,KHC,2016-02-26,77.84,94590389.6,0.03842
96434,KHC,2016-02-29,77.02,93593933.8,-0.010534
96435,KHC,2016-03-01,77.66,94371655.4,0.00831
96436,KHC,2016-03-02,77.49,94165073.1,-0.002189
96437,KHC,2016-03-03,77.37,94019250.3,-0.001549
96438,KHC,2016-03-04,77.2,93812668.0,-0.002197
96439,KHC,2016-03-07,76.5,92962035.0,-0.009067
96440,KHC,2016-03-08,76.29,92706845.1,-0.002745
96441,KHC,2016-03-09,76.63,93120009.7,0.004457
96442,KHC,2016-03-10,76.22,92621781.8,-0.00535
96443,KHC,2016-03-11,76.95,93508870.5,0.009578
96444,KHC,2016-03-14,77.57,94262288.3,0.008057
96445,KHC,2016-03-15,77.78,94517478.2,0.002707
96446,KHC,2016-03-16,78.03,94821275.7,0.010607
96447,KHC,2016-03-17,78.01,94796971.9,-0.000256
96448,KHC,2016-03-18,77.31,93946338.9,-0.008973
96449,KHC,2016-03-21,76.59,93071402.1,-0.009313
96450,KHC,2016-03-22,76.44,92889123.6,-0.001958
96451,KHC,2016-03-23,76.81,93338743.9,0.00484
96452,KHC,2016-03-24,76.46,92913427.4,-0.004557
96453,KHC,2016-03-28,77.76,94493174.4,0.017002
96454,KHC,2016-03-29,78.8,95756972.0,0.013374
96455,KHC,2016-03-30,78.9,95878491.0,0.001269
96456,KHC,2016-03-31,78.56,95465326.4,-0.004309
96457,KHC,2016-04-01,79.08,96124982.28,0.006619
96458,KHC,2016-04-04,78.85,95845407.85,-0.002908
96459,KHC,2016-04-05,78.01,94824353.41,-0.010653
96460,KHC,2016-04-06,78.36,95249792.76,0.004487
96461,KHC,2016-04-07,77.5,94204427.5,-0.010975
96462,KHC,2016-04-08,78.47,95383502.27,0.012516
96463,KHC,2016-04-11,77.91,94702799.31,-0.007136
96464,KHC,2016-04-12,78.33,95213326.53,0.005391
96465,KHC,2016-04-13,77.4,94082873.4,-0.011873
96466,KHC,2016-04-14,77.17,93803298.97,-0.002972
96467,KHC,2016-04-15,78.05,94872975.05,0.011403
96468,KHC,2016-04-18,78.34,95225481.94,0.003716
96469,KHC,2016-04-19,78.3,95176860.3,-0.000511
96470,KHC,2016-04-20,77.92,94714954.72,-0.004853
96471,KHC,2016-04-21,76.74,93280616.34,-0.015144
96472,KHC,2016-04-22,78.1,94933752.1,0.017722
96473,KHC,2016-04-25,78.73,95699542.93,0.008067
96474,KHC,2016-04-26,78.7,95663076.7,-0.000381
96475,KHC,2016-04-27,79.1,96149293.1,0.005083
96476,KHC,2016-04-28,78.36,95249792.76,-0.009355
96477,KHC,2016-04-29,78.07,94929606.85,-0.003701
96478,KHC,2016-05-02,79.52,96692741.6,0.018573
96479,KHC,2016-05-03,78.68,95671339.4,-0.010563
96480,KHC,2016-05-04,79.98,97252080.9,0.016523
96481,KHC,2016-05-05,82.97,100887786.35,0.037384
96482,KHC,2016-05-06,84.0,102140220.0,0.012414
96483,KHC,2016-05-09,84.26,102456368.3,0.003095
96484,KHC,2016-05-10,86.14,104742363.7,0.022312
96485,KHC,2016-05-11,85.2,103599366.0,-0.010912
96486,KHC,2016-05-12,86.34,104985554.7,0.01338
96487,KHC,2016-05-13,85.13,103514249.15,-0.014014
96488,KHC,2016-05-16,85.87,104414055.85,0.008693
96489,KHC,2016-05-17,82.16,99902862.8,-0.043205
96490,KHC,2016-05-18,81.18,98711226.9,-0.011928
96491,KHC,2016-05-19,83.0,100924265.0,0.022419
96492,KHC,2016-05-20,82.42,100219011.1,-0.006988
96493,KHC,2016-05-23,82.81,100693233.55,0.004732
96494,KHC,2016-05-24,84.22,102407730.1,0.017027
96495,KHC,2016-05-25,84.27,102468527.85,0.007421
96496,KHC,2016-05-26,83.81,101909188.55,-0.005459
96497,KHC,2016-05-27,84.1,102261815.5,0.00346
96498,KHC,2016-05-31,83.19,101155296.45,-0.01082
96499,KHC,2016-06-01,83.95,102079422.25,0.009136
96500,KHC,2016-06-02,84.78,103088664.9,0.009887
96501,KHC,2016-06-03,85.3,103720961.5,0.006134
96502,KHC,2016-06-06,84.99,103344015.45,-0.003634
96503,KHC,2016-06-07,84.75,103052186.25,-0.002824
96504,KHC,2016-06-08,85.18,103575046.9,0.005074
96505,KHC,2016-06-09,85.62,104110067.1,0.005166
96506,KHC,2016-06-10,85.34,103769599.7,-0.00327
96507,KHC,2016-06-13,84.95,103295377.25,-0.00457
96508,KHC,2016-06-14,84.88,103210260.4,-0.000824
96509,KHC,2016-06-15,84.84,103161622.2,-0.000471
96510,KHC,2016-06-16,85.28,103696642.4,0.005186
96511,KHC,2016-06-17,84.82,103137303.1,-0.005394
96512,KHC,2016-06-20,85.5,103964152.5,0.008017
96513,KHC,2016-06-21,85.69,104195183.95,0.002222
96514,KHC,2016-06-22,85.21,103611525.55,-0.005602
96515,KHC,2016-06-23,86.37,105022033.35,0.013613
96516,KHC,2016-06-24,83.73,101811912.15,-0.030566
96517,KHC,2016-06-27,83.63,101690316.65,-0.001194
96518,KHC,2016-06-28,84.77,103076505.35,0.013631
96519,KHC,2016-06-29,86.1,104693725.5,0.01569
96520,KHC,2016-06-30,88.48,107587698.4,0.027642
96521,KHC,2016-07-01,88.24,107419316.96,-0.002712
96522,KHC,2016-07-05,88.74,108027993.96,0.005666
96523,KHC,2016-07-06,89.74,109245347.96,0.011269
96524,KHC,2016-07-07,89.31,108721885.74,-0.004792
96525,KHC,2016-07-08,89.85,109379256.9,0.006046
96526,KHC,2016-07-11,89.84,109367083.36,-0.000111
96527,KHC,2016-07-12,87.8,106883681.2,-0.022707
96528,KHC,2016-07-13,89.02,108368853.08,0.013895
96529,KHC,2016-07-14,88.34,107541052.36,-0.007639
96530,KHC,2016-07-15,88.86,108174076.44,0.005886
96531,KHC,2016-07-18,89.1,108466241.4,0.002701
96532,KHC,2016-07-19,88.97,108307985.38,-0.001459
96533,KHC,2016-07-20,88.17,107334102.18,-0.008992
96534,KHC,2016-07-21,87.64,106688904.56,-0.006011
96535,KHC,2016-07-22,88.16,107321928.64,0.005933
96536,KHC,2016-07-25,88.41,107626267.14,0.002836
96537,KHC,2016-07-26,87.06,105982839.24,-0.01527
96538,KHC,2016-07-27,85.63,104242023.02,-0.016425
96539,KHC,2016-07-28,85.96,104643749.84,0.003854
96540,KHC,2016-07-29,86.39,105192869.89,0.005002
96541,KHC,2016-08-01,85.97,104681456.47,-0.004862
96542,KHC,2016-08-02,85.15,103682982.65,-0.009538
96543,KHC,2016-08-03,84.9,103378569.9,-0.002936
96544,KHC,2016-08-04,85.54,104157866.54,0.007538
96545,KHC,2016-08-05,88.79,108115232.29,0.037994
96546,KHC,2016-08-08,88.75,108066526.25,-0.000451
96547,KHC,2016-08-09,89.78,109320706.78,0.011606
96548,KHC,2016-08-10,89.35,108797116.85,-0.004789
96549,KHC,2016-08-11,89.44,108906705.44,0.001007
96550,KHC,2016-08-12,89.56,109052823.56,0.001342
96551,KHC,2016-08-15,89.08,108468351.08,-0.00536
96552,KHC,2016-08-16,88.96,108322232.96,-0.001347
96553,KHC,2016-08-17,89.41,108870175.91,0.005058
96554,KHC,2016-08-18,89.76,109296353.76,0.003915
96555,KHC,2016-08-19,89.92,109491177.92,0.001783
96556,KHC,2016-08-22,89.97,109552060.47,0.000556
96557,KHC,2016-08-23,89.47,108943234.97,-0.005557
96558,KHC,2016-08-24,88.95,108310056.45,0.000894
96559,KHC,2016-08-25,88.9,108249173.9,-0.000562
96560,KHC,2016-08-26,88.17,107360288.67,-0.008211
96561,KHC,2016-08-29,88.57,107847349.07,0.004537
96562,KHC,2016-08-30,87.97,107116758.47,-0.006774
96563,KHC,2016-08-31,89.49,108967587.99,0.017279
96564,KHC,2016-09-01,89.48,108955411.48,-0.000112
96565,KHC,2016-09-02,89.61,109113706.11,0.001453
96566,KHC,2016-09-06,89.74,109272000.74,0.001451
96567,KHC,2016-09-07,89.79,109332883.29,0.000557
96568,KHC,2016-09-08,89.19,108602292.69,-0.006682
96569,KHC,2016-09-09,85.97,104681456.47,-0.036103
96570,KHC,2016-09-12,88.56,107835172.56,0.030127
96571,KHC,2016-09-13,88.27,107482053.77,-0.003275
96572,KHC,2016-09-14,87.68,106763639.68,-0.006684
96573,KHC,2016-09-15,89.17,108577939.67,0.016994
96574,KHC,2016-09-16,88.94,108297879.94,-0.002579
96575,KHC,2016-09-19,86.97,105899107.47,-0.02215
96576,KHC,2016-09-20,87.12,106081755.12,0.001725
96577,KHC,2016-09-21,87.91,107043699.41,0.009068
96578,KHC,2016-09-22,89.05,108431821.55,0.012968
96579,KHC,2016-09-23,88.83,108163938.33,-0.002471
96580,KHC,2016-09-26,88.53,107798643.03,-0.003377
96581,KHC,2016-09-27,89.23,108650998.73,0.007907
96582,KHC,2016-09-28,89.55,109040647.05,0.003586
96583,KHC,2016-09-29,88.57,107847349.07,-0.010944
96584,KHC,2016-09-30,89.51,108985585.8,0.010613
96585,KHC,2016-10-03,89.08,108462026.4,-0.004804
96586,KHC,2016-10-04,88.02,107171391.6,-0.011899
96587,KHC,2016-10-05,87.38,106392140.4,-0.007271
96588,KHC,2016-10-06,87.49,106526074.2,0.001259
96589,KHC,2016-10-07,87.4,106416492.0,-0.001029
96590,KHC,2016-10-10,88.5,107755830.0,0.012586
96591,KHC,2016-10-11,87.24,106221679.2,-0.014237
96592,KHC,2016-10-12,87.14,106099921.2,-0.001146
96593,KHC,2016-10-13,87.05,105990339.0,-0.001033
96594,KHC,2016-10-14,88.53,107792357.4,0.017002
96595,KHC,2016-10-17,88.83,108157631.4,0.003389
96596,KHC,2016-10-18,88.93,108279389.4,0.001126
96597,KHC,2016-10-19,88.08,107244446.4,-0.009558
96598,KHC,2016-10-20,87.96,107098336.8,-0.001362
96599,KHC,2016-10-21,87.92,107049633.6,-0.000455
96600,KHC,2016-10-24,88.91,108255037.8,0.01126
96601,KHC,2016-10-25,88.36,107585368.8,-0.006186
96602,KHC,2016-10-26,88.08,107244446.4,-0.003169
96603,KHC,2016-10-27,87.69,106769590.2,-0.004428
96604,KHC,2016-10-28,88.08,107217141.6,0.004447
96605,KHC,2016-10-31,88.95,108276166.5,0.009877
96606,KHC,2016-11-01,88.37,107570149.9,-0.006521
96607,KHC,2016-11-02,88.15,107302350.5,-0.00249
96608,KHC,2016-11-03,86.25,104989537.5,-0.021554
96609,KHC,2016-11-04,84.05,102311543.5,-0.025507
96610,KHC,2016-11-07,86.03,104721738.1,0.023557
96611,KHC,2016-11-08,88.34,107533631.8,0.026851
96612,KHC,2016-11-09,84.94,103394913.8,-0.038488
96613,KHC,2016-11-10,81.42,99110123.4,-0.041441
96614,KHC,2016-11-11,81.21,98854496.7,-0.002579
96615,KHC,2016-11-14,80.08,97478981.6,-0.013915
96616,KHC,2016-11-15,81.14,98769287.8,0.013237
96617,KHC,2016-11-16,82.4,100303048.0,0.015529
96618,KHC,2016-11-17,82.84,100838646.8,0.00534
96619,KHC,2016-11-18,82.53,100461293.1,-0.003742
96620,KHC,2016-11-21,83.64,101812462.8,0.01345
96621,KHC,2016-11-22,84.09,102360234.3,0.00538
96622,KHC,2016-11-23,82.44,100351738.8,-0.019622
96623,KHC,2016-11-25,82.95,100972546.5,0.006186
96624,KHC,2016-11-28,83.22,101301209.4,0.003255
96625,KHC,2016-11-29,84.0,102250680.0,0.009373
96626,KHC,2016-11-30,81.65,99390095.5,-0.020833
96627,KHC,2016-12-01,80.49,97978062.3,-0.014207
96628,KHC,2016-12-02,80.91,98489315.7,0.005218
96629,KHC,2016-12-05,80.28,97722435.6,-0.007786
96630,KHC,2016-12-06,79.96,97332909.2,-0.003986
96631,KHC,2016-12-07,82.95,100972546.5,0.037394
96632,KHC,2016-12-08,82.31,100193493.7,-0.007715
96633,KHC,2016-12-09,83.78,101982880.6,0.017859
96634,KHC,2016-12-12,84.2,102494134.0,0.005013
96635,KHC,2016-12-13,84.94,103394913.8,0.008789
96636,KHC,2016-12-14,84.36,102688897.2,-0.006828
96637,KHC,2016-12-15,85.37,103918339.9,0.011972
96638,KHC,2016-12-16,86.46,105245164.2,0.012768
96639,KHC,2016-12-19,86.6,105415582.0,0.001619
96640,KHC,2016-12-20,85.98,104660874.6,-0.007159
96641,KHC,2016-12-21,86.61,105427754.7,0.007327
96642,KHC,2016-12-22,87.28,106243325.6,0.007736
96643,KHC,2016-12-23,87.57,106596333.9,0.003323
96644,KHC,2016-12-27,87.58,106608506.6,0.000114
96645,KHC,2016-12-28,87.31,106279843.7,-0.003083
96646,KHC,2016-12-29,87.93,107034551.1,0.007101
96647,KHC,2016-12-30,87.32,106222684.32,-0.006937
96648,KHC,2017-01-03,87.53,106478144.28,0.002405
96649,KHC,2017-01-04,87.03,105869906.28,-0.005712
96650,KHC,2017-01-05,86.53,105261668.28,-0.005745
96651,KHC,2017-01-06,86.31,104994043.56,-0.002542
96652,KHC,2017-01-09,86.07,104702089.32,-0.002781
96653,KHC,2017-01-10,85.91,104507453.16,-0.001859
96654,KHC,2017-01-11,86.76,105541457.76,0.009894
96655,KHC,2017-01-12,87.42,106344331.92,0.007607
96656,KHC,2017-01-13,87.03,105869906.28,-0.004461
96657,KHC,2017-01-17,87.92,106952569.92,0.010226
96658,KHC,2017-01-18,88.35,107475654.6,0.004891
96659,KHC,2017-01-19,87.85,106867416.6,-0.005659
96660,KHC,2017-01-20,88.95,108205540.2,0.012521
96661,KHC,2017-01-23,88.8,108023068.8,-0.001686
96662,KHC,2017-01-24,88.69,107889256.44,-0.001239
96663,KHC,2017-01-25,88.84,108071727.84,0.001691
96664,KHC,2017-01-26,89.41,108765119.16,0.006416
96665,KHC,2017-01-27,89.43,108789448.68,0.000224
96666,KHC,2017-01-30,89.08,108363682.08,-0.003914
96667,KHC,2017-01-31,89.29,108619142.04,0.002357
96668,KHC,2017-02-01,88.41,107548643.16,-0.009856
96669,KHC,2017-02-02,88.61,107791938.36,0.002262
96670,KHC,2017-02-03,89.27,108594812.52,0.007448
96671,KHC,2017-02-06,88.7,107901421.2,-0.006385
96672,KHC,2017-02-07,88.81,108035233.56,0.00124
96673,KHC,2017-02-08,89.19,108497494.44,0.004279
96674,KHC,2017-02-09,89.78,109215215.28,0.006615
96675,KHC,2017-02-10,90.2,109726135.2,0.004678
96676,KHC,2017-02-13,90.58,110188396.08,0.004213
96677,KHC,2017-02-14,90.81,110468185.56,0.002539
96678,KHC,2017-02-15,91.095,110814881.22,0.003138
96679,KHC,2017-02-16,87.28,106174025.28,-0.041879
96680,KHC,2017-02-17,96.65,117572405.4,0.107356
96681,KHC,2017-02-21,94.87,115407078.12,-0.018417
96682,KHC,2017-02-22,93.36,113570199.36,-0.015917
96683,KHC,2017-02-23,92.94,113059279.44,-0.004499
96684,KHC,2017-02-24,93.08,113229586.08,0.001506
96685,KHC,2017-02-27,90.61,110224890.36,-0.026536
96686,KHC,2017-02-28,91.51,111319718.76,0.009933
96687,KHC,2017-03-01,91.43,111222400.68,0.005682
96688,KHC,2017-03-02,91.28,111039929.28,-0.001641
96689,KHC,2017-03-03,91.5,111307554.0,0.00241
96690,KHC,2017-03-06,91.16,110893952.16,-0.003716
96691,KHC,2017-03-07,90.8,110456020.8,-0.003949
96692,KHC,2017-03-08,90.9,110577668.4,0.001101
96693,KHC,2017-03-09,91.53,111344048.28,0.006931
96694,KHC,2017-03-10,91.51,111319718.76,-0.000219
96695,KHC,2017-03-13,91.18,110918281.68,-0.003606
96696,KHC,2017-03-14,91.06,110772304.56,-0.001316
96697,KHC,2017-03-15,91.84,111721155.84,0.008566
96698,KHC,2017-03-16,92.77,112852478.52,0.010126
96699,KHC,2017-03-17,91.98,111891462.48,-0.008516
96700,KHC,2017-03-20,92.36,112353723.36,0.004131
96701,KHC,2017-03-21,91.9,111794144.4,-0.004981
96702,KHC,2017-03-22,92.29,112268570.04,0.004244
96703,KHC,2017-03-23,92.01,111927956.76,-0.003034
96704,KHC,2017-03-24,91.68,111526519.68,-0.003587
96705,KHC,2017-03-27,91.25,111003435.0,-0.00469
96706,KHC,2017-03-28,91.41,111198071.16,0.001753
96707,KHC,2017-03-29,91.49,111295389.24,0.000875
96708,KHC,2017-03-30,91.1,110820963.6,-0.004263
96709,KHC,2017-03-31,90.81,110565079.83,-0.003183
96710,KHC,2017-04-03,91.06,110869465.58,0.002753
96711,KHC,2017-04-04,91.22,111064272.46,0.001757
96712,KHC,2017-04-05,91.42,111307781.06,0.002193
96713,KHC,2017-04-06,90.95,110735535.85,-0.005141
96714,KHC,2017-04-07,90.7,110431150.1,-0.002749
96715,KHC,2017-04-10,90.89,110662483.27,0.002095
96716,KHC,2017-04-11,90.83,110589430.69,-0.00066
96717,KHC,2017-04-12,91.93,111928727.99,0.012111
96718,KHC,2017-04-13,91.5,111405184.5,-0.004677
96719,KHC,2017-04-17,91.58,111502587.94,0.000874
96720,KHC,2017-04-18,92.5,112622727.5,0.010046
96721,KHC,2017-04-19,91.85,111831324.55,-0.007027
96722,KHC,2017-04-20,92.04,112062657.72,0.002069
96723,KHC,2017-04-21,91.6,111526938.8,-0.004781
96724,KHC,2017-04-24,92.56,112695780.08,0.01048
96725,KHC,2017-04-25,92.29,112367043.47,-0.002917
96726,KHC,2017-04-26,90.92,110699009.56,-0.014845
96727,KHC,2017-04-27,90.83,110589430.69,-0.00099
96728,KHC,2017-04-28,90.39,110061846.87,-0.004844
96729,KHC,2017-05-01,89.47,108941624.51,-0.010178
96730,KHC,2017-05-02,89.0,108369337.0,-0.005253
96731,KHC,2017-05-03,89.14,108539805.62,0.001573
96732,KHC,2017-05-04,89.7,109221680.1,0.006282
96733,KHC,2017-05-05,89.63,109136445.79,-0.00078
96734,KHC,2017-05-08,89.48,108953800.84,-0.001674
96735,KHC,2017-05-09,89.2,108612863.6,-0.003129
96736,KHC,2017-05-10,89.33,108771155.89,0.001457
96737,KHC,2017-05-11,89.28,108710274.24,-0.00056
96738,KHC,2017-05-12,88.95,108308455.35,-0.003696
96739,KHC,2017-05-15,89.45,108917271.85,0.005621
96740,KHC,2017-05-16,89.11,108503276.63,-0.003801
96741,KHC,2017-05-17,89.51,108990329.83,0.011222
96742,KHC,2017-05-18,90.16,109781791.28,0.007262
96743,KHC,2017-05-19,90.28,109927907.24,0.001331
96744,KHC,2017-05-22,91.18,111023776.94,0.009969
96745,KHC,2017-05-23,91.87,111863943.71,0.007567
96746,KHC,2017-05-24,92.59,112740639.47,0.007837
96747,KHC,2017-05-25,92.81,113008518.73,0.002376
96748,KHC,2017-05-26,92.99,113227692.67,0.001939
96749,KHC,2017-05-30,92.46,112582347.18,-0.0057
96750,KHC,2017-05-31,92.2,112265762.6,-0.002812
96751,KHC,2017-06-01,92.73,112911108.09,0.005748
96752,KHC,2017-06-02,93.54,113897390.82,0.008735
96753,KHC,2017-06-05,93.44,113775627.52,-0.001069
96754,KHC,2017-06-06,93.21,113495571.93,-0.002461
96755,KHC,2017-06-07,93.77,114177446.41,0.006008
96756,KHC,2017-06-08,92.57,112716286.81,-0.012797
96757,KHC,2017-06-09,90.83,110597605.39,-0.018797
96758,KHC,2017-06-12,91.25,111109011.25,0.004624
96759,KHC,2017-06-13,91.59,111523006.47,0.003726
96760,KHC,2017-06-14,91.46,111364714.18,-0.001419
96761,KHC,2017-06-15,91.65,111596064.45,0.002077
96762,KHC,2017-06-16,89.41,108868566.53,-0.024441
96763,KHC,2017-06-19,89.85,109404325.05,0.004921
96764,KHC,2017-06-20,89.28,108710274.24,-0.006344
96765,KHC,2017-06-21,89.4,108856390.2,0.001344
96766,KHC,2017-06-22,89.1,108491100.3,-0.003356
96767,KHC,2017-06-23,88.85,108186692.05,-0.002806
96768,KHC,2017-06-26,88.94,108296279.02,0.001013
96769,KHC,2017-06-27,87.51,106555063.83,-0.016078
96770,KHC,2017-06-28,87.82,106932530.06,0.003542
96771,KHC,2017-06-29,85.76,104424206.08,-0.023457
96772,KHC,2017-06-30,85.64,104325192.12,-0.001399
96773,KHC,2017-07-03,84.47,102899918.01,-0.013662
96774,KHC,2017-07-05,83.79,102071553.57,-0.00805
96775,KHC,2017-07-06,82.82,100889916.06,-0.011577
96776,KHC,2017-07-07,83.04,101157916.32,0.002656
96777,KHC,2017-07-10,82.77,100829006.91,-0.003251
96778,KHC,2017-07-11,83.75,102022826.25,0.01184
96779,KHC,2017-07-12,84.7,103180100.1,0.011343
96780,KHC,2017-07-13,84.85,103362827.55,0.001771
96781,KHC,2017-07-14,85.65,104337373.95,0.009428
96782,KHC,2017-07-17,85.6,104276464.8,-0.000584
96783,KHC,2017-07-18,85.6,104276464.8,0.0
96784,KHC,2017-07-19,85.69,104386101.27,0.001051
96785,KHC,2017-07-20,85.9,104641919.7,0.002451
96786,KHC,2017-07-21,86.16,104958647.28,0.003027
96787,KHC,2017-07-24,86.22,105031738.26,0.000696
96788,KHC,2017-07-25,87.42,106493557.86,0.013918
96789,KHC,2017-07-26,87.66,106785921.78,0.002745
96790,KHC,2017-07-27,88.19,107431558.77,0.006046
96791,KHC,2017-07-28,87.64,106767517.64,-0.006237
96792,KHC,2017-07-31,87.46,106548232.46,-0.002054
96793,KHC,2017-08-01,86.67,105585814.17,-0.009033
96794,KHC,2017-08-02,86.87,105829464.37,0.002308
96795,KHC,2017-08-03,86.51,105390894.01,-0.004144
96796,KHC,2017-08-04,86.66,105573631.66,0.001734
96797,KHC,2017-08-07,87.02,106012202.02,0.004154
96798,KHC,2017-08-08,86.16,104964506.16,-0.009883
96799,KHC,2017-08-09,86.46,105329981.46,0.003482
96800,KHC,2017-08-10,85.89,104635578.39,-0.006593
96801,KHC,2017-08-11,86.47,105342163.97,0.006753
96802,KHC,2017-08-14,87.02,106012202.02,0.006361
96803,KHC,2017-08-15,86.74,105671091.74,-0.003218
96804,KHC,2017-08-16,86.5,105378711.5,0.004439
96805,KHC,2017-08-17,85.11,103685342.61,-0.016069
96806,KHC,2017-08-18,84.49,102930026.99,-0.007285
96807,KHC,2017-08-21,84.55,103003122.05,0.00071
96808,KHC,2017-08-22,85.05,103612247.55,0.005914
96809,KHC,2017-08-23,84.75,103246772.25,-0.003527
96810,KHC,2017-08-24,82.8,100871182.8,-0.023009
96811,KHC,2017-08-25,82.6,100627532.6,-0.002415
96812,KHC,2017-08-28,82.14,100067137.14,-0.005569
96813,KHC,2017-08-29,81.44,99214361.44,-0.008522
96814,KHC,2017-08-30,81.93,99811304.43,0.006017
96815,KHC,2017-08-31,80.75,98373768.25,-0.014403
96816,KHC,2017-09-01,80.85,98495593.35,0.001238
96817,KHC,2017-09-05,81.15,98861068.65,0.003711
96818,KHC,2017-09-06,81.33,99080353.83,0.002218
96819,KHC,2017-09-07,81.46,99238726.46,0.001598
96820,KHC,2017-09-08,81.72,99555471.72,0.003192
96821,KHC,2017-09-11,82.55,100566620.05,0.010157
96822,KHC,2017-09-12,82.18,100115867.18,-0.004482
96823,KHC,2017-09-13,81.91,99786939.41,-0.003285
96824,KHC,2017-09-14,81.28,99019441.28,-0.007691
96825,KHC,2017-09-15,81.43,99202178.93,0.001845
96826,KHC,2017-09-18,81.4,99165631.4,-0.000368
96827,KHC,2017-09-19,80.83,98471228.33,-0.007002
96828,KHC,2017-09-20,79.87,97301707.37,-0.011877
96829,KHC,2017-09-21,79.01,96254011.51,-0.010767
96830,KHC,2017-09-22,77.52,94438817.52,-0.018858
96831,KHC,2017-09-25,78.42,95535243.42,0.01161
96832,KHC,2017-09-26,78.59,95742346.09,0.002168
96833,KHC,2017-09-27,78.23,95303775.73,-0.004581
96834,KHC,2017-09-28,77.97,94987030.47,-0.003324
96835,KHC,2017-09-29,77.55,94455900.0,-0.005387
96836,KHC,2017-10-02,77.85,94821300.0,0.003868
96837,KHC,2017-10-03,77.82,94784760.0,-0.000385
96838,KHC,2017-10-04,77.77,94723860.0,-0.000643
96839,KHC,2017-10-05,78.25,95308500.0,0.006172
96840,KHC,2017-10-06,78.18,95223240.0,-0.000895
96841,KHC,2017-10-09,77.33,94187940.0,-0.010872
96842,KHC,2017-10-10,78.14,95174520.0,0.010475
96843,KHC,2017-10-11,78.19,95235420.0,0.00064
96844,KHC,2017-10-12,78.15,95186700.0,-0.000512
96845,KHC,2017-10-13,77.74,94687320.0,-0.005246
96846,KHC,2017-10-16,77.65,94577700.0,-0.001158
96847,KHC,2017-10-17,77.54,94443720.0,-0.001417
96848,KHC,2017-10-18,77.1,93907800.0,-0.005674
96849,KHC,2017-10-19,76.47,93140460.0,-0.008171
96850,KHC,2017-10-20,76.71,93432780.0,0.003138
96851,KHC,2017-10-23,77.06,93859080.0,0.004563
96852,KHC,2017-10-24,77.22,94053960.0,0.002076
96853,KHC,2017-10-25,77.33,94187940.0,0.001425
96854,KHC,2017-10-26,77.3,94151400.0,-0.000388
96855,KHC,2017-10-27,77.3,94187576.4,0.0
96856,KHC,2017-10-30,75.27,91714086.36,-0.026261
96857,KHC,2017-10-31,77.33,94224130.44,0.027368
96858,KHC,2017-11-01,77.7,94674963.6,0.004785
96859,KHC,2017-11-02,78.03,95077058.04,0.004247
96860,KHC,2017-11-03,78.0,95040504.0,-0.000384
96861,KHC,2017-11-06,77.0,93822036.0,-0.012821
96862,KHC,2017-11-07,78.18,95259828.24,0.015325
96863,KHC,2017-11-08,79.58,96965683.44,0.017907
96864,KHC,2017-11-09,79.41,96758543.88,-0.002136
96865,KHC,2017-11-10,79.72,97136268.96,0.003904
96866,KHC,2017-11-13,79.85,97294669.8,0.001631
96867,KHC,2017-11-14,79.38,96721989.84,-0.005886
96868,KHC,2017-11-15,78.78,95990909.04,-0.007559
96869,KHC,2017-11-16,79.68,97087530.24,0.019358
96870,KHC,2017-11-17,79.63,97026606.84,-0.000628
96871,KHC,2017-11-20,79.93,97392147.24,0.003767
96872,KHC,2017-11-21,80.01,97489624.68,0.001001
96873,KHC,2017-11-22,79.82,97258115.76,-0.002375
96874,KHC,2017-11-24,79.76,97185007.68,-0.000752
96875,KHC,2017-11-27,79.61,97002237.48,-0.001881
96876,KHC,2017-11-28,78.98,96234602.64,-0.007914
96877,KHC,2017-11-29,81.09,98805570.12,0.026716
96878,KHC,2017-11-30,81.37,99146741.16,0.003453
96879,KHC,2017-12-01,81.21,98951786.28,-0.001966
96880,KHC,2017-12-04,81.92,99816898.56,0.008743
96881,KHC,2017-12-05,80.64,98257259.52,-0.015625
96882,KHC,2017-12-06,80.49,98074489.32,-0.00186
96883,KHC,2017-12-07,79.36,96697620.48,-0.014039
96884,KHC,2017-12-08,78.48,95625368.64,-0.011089
96885,KHC,2017-12-11,78.37,95491337.16,-0.001402
96886,KHC,2017-12-12,78.95,96198048.6,0.007401
96887,KHC,2017-12-13,79.28,96600143.04,0.00418
96888,KHC,2017-12-14,78.98,96234602.64,-0.003784
96889,KHC,2017-12-15,79.54,96916944.72,0.00709
96890,KHC,2017-12-18,79.37,96709805.16,-0.002137
96891,KHC,2017-12-19,78.52,95674107.36,-0.010709
96892,KHC,2017-12-20,77.38,94285053.84,-0.014519
96893,KHC,2017-12-21,77.88,94894287.84,0.006462
96894,KHC,2017-12-22,78.24,95332936.32,0.004622
96895,KHC,2017-12-26,78.11,95174535.48,-0.001662
96896,KHC,2017-12-27,77.98,95016134.64,-0.001664
96897,KHC,2017-12-28,77.92,94943026.56,-0.000769
96898,KHC,2017-12-29,77.76,94789440.0,-0.002053
96899,KHC,2018-01-02,77.02,93887380.0,-0.009516
96900,KHC,2018-01-03,77.01,93875190.0,-0.00013
96901,KHC,2018-01-04,77.91,94972290.0,0.011687
96902,KHC,2018-01-05,77.84,94886960.0,-0.000898
96903,KHC,2018-01-08,78.48,95667120.0,0.008222
96904,KHC,2018-01-09,78.62,95837780.0,0.001784
96905,KHC,2018-01-10,77.89,94947910.0,-0.009285
96906,KHC,2018-01-11,77.13,94021470.0,-0.009757
96907,KHC,2018-01-12,77.35,94289650.0,0.002852
96908,KHC,2018-01-16,78.64,95862160.0,0.016677
96909,KHC,2018-01-17,80.07,97605330.0,0.018184
96910,KHC,2018-01-18,79.27,96630130.0,-0.009991
96911,KHC,2018-01-19,79.66,97105540.0,0.00492
96912,KHC,2018-01-22,80.17,97727230.0,0.006402
96913,KHC,2018-01-23,80.27,97849130.0,0.001247
96914,KHC,2018-01-24,79.86,97349340.0,-0.005108
96915,KHC,2018-01-25,79.67,97117730.0,-0.002379
96916,KHC,2018-01-26,79.39,96776410.0,-0.003514
96917,KHC,2018-01-29,78.42,95593980.0,-0.012218
96918,KHC,2018-01-30,78.5,95691500.0,0.00102
96919,KHC,2018-01-31,78.39,95557410.0,-0.001401
96920,KHC,2018-02-01,78.57,95776830.0,0.002296
96921,KHC,2018-02-02,77.19,94094610.0,-0.017564
96922,KHC,2018-02-05,74.26,90522940.0,-0.037958
96923,KHC,2018-02-06,74.31,90583890.0,0.000673
96924,KHC,2018-02-07,73.55,89657450.0,-0.010227
96925,KHC,2018-02-08,71.58,87256020.0,-0.026785
96926,KHC,2018-02-09,71.38,87012220.0,-0.002794
96927,KHC,2018-02-12,71.81,87536390.0,0.006024
96928,KHC,2018-02-13,71.71,87414490.0,-0.001393
96929,KHC,2018-02-14,71.92,87670480.0,0.002928
96930,KHC,2018-02-15,72.71,88633490.0,0.010984
96931,KHC,2018-02-16,70.8,86305200.0,-0.026269
96932,KHC,2018-02-20,68.69,83733110.0,-0.029802
96933,KHC,2018-02-21,67.47,82245930.0,-0.017761
96934,KHC,2018-02-22,67.64,82453160.0,0.00252
96935,KHC,2018-02-23,69.02,84135380.0,0.020402
96936,KHC,2018-02-26,69.74,85013060.0,0.010432
96937,KHC,2018-02-27,67.87,82725114.12,-0.026814
96938,KHC,2018-02-28,67.05,81725635.8,-0.012082
96939,KHC,2018-03-01,66.89,81530615.64,-0.002386
96940,KHC,2018-03-02,67.17,81871900.92,0.004186
96941,KHC,2018-03-05,67.43,82188808.68,0.003871
96942,KHC,2018-03-06,67.77,82603226.52,0.005042
96943,KHC,2018-03-07,67.46,82225374.96,-0.004574
96944,KHC,2018-03-08,66.99,81652503.24,0.002298
96945,KHC,2018-03-09,67.23,81945033.48,0.003583
96946,KHC,2018-03-12,67.7,82517905.2,0.006991
96947,KHC,2018-03-13,67.37,82115676.12,-0.004874
96948,KHC,2018-03-14,66.58,81152764.08,-0.011726
96949,KHC,2018-03-15,65.46,79787622.96,-0.016822
96950,KHC,2018-03-16,65.36,79665735.36,-0.001528
96951,KHC,2018-03-19,63.95,77947120.2,-0.021573
96952,KHC,2018-03-20,63.18,77008585.68,-0.012041
96953,KHC,2018-03-21,61.99,75558123.24,-0.018835
96954,KHC,2018-03-22,60.53,73778564.28,-0.023552
96955,KHC,2018-03-23,60.03,73169126.28,-0.00826
96956,KHC,2018-03-26,61.65,75143705.4,0.026987
96957,KHC,2018-03-27,60.7,73985773.2,-0.01541
96958,KHC,2018-03-28,61.37,74802420.12,0.011038
96959,KHC,2018-03-29,62.29,75931510.0,0.014991
96960,KHC,2018-04-02,60.06,73213140.0,-0.0358
96961,KHC,2018-04-03,60.24,73432560.0,0.002997
96962,KHC,2018-04-04,61.38,74822220.0,0.018924
96963,KHC,2018-04-05,61.31,74736890.0,-0.00114
96964,KHC,2018-04-06,60.54,73798260.0,-0.012559
96965,KHC,2018-04-09,60.65,73932350.0,0.001817
96966,KHC,2018-04-10,61.25,74663750.0,0.009893
96967,KHC,2018-04-11,61.54,75017260.0,0.004735
96968,KHC,2018-04-12,60.94,74285860.0,-0.00975
96969,KHC,2018-04-13,60.92,74261480.0,-0.000328
96970,KHC,2018-04-16,61.19,74590610.0,0.004432
96971,KHC,2018-04-17,61.69,75200110.0,0.008171
96972,KHC,2018-04-18,60.79,74103010.0,-0.014589
96973,KHC,2018-04-19,59.73,72810870.0,-0.017437
96974,KHC,2018-04-20,58.22,70970180.0,-0.02528
96975,KHC,2018-04-23,57.68,70311920.0,-0.009275
96976,KHC,2018-04-24,56.53,68910070.0,-0.019938
96977,KHC,2018-04-25,56.85,69300150.0,0.005661
96978,KHC,2018-04-26,57.33,69885270.0,0.008443
96979,KHC,2018-04-27,57.66,70297457.52,0.005756
96980,KHC,2018-04-30,56.38,68736917.36,-0.022199
96981,KHC,2018-05-01,55.7,67907880.4,-0.012061
96982,KHC,2018-05-02,54.2,66079122.4,-0.02693
96983,KHC,2018-05-03,54.95,66993501.4,0.013838
96984,KHC,2018-05-04,58.01,70724167.72,0.055687
96985,KHC,2018-05-07,58.83,71723888.76,0.014135
96986,KHC,2018-05-08,58.76,71638546.72,-0.00119
96987,KHC,2018-05-09,58.48,71297178.56,-0.004765
96988,KHC,2018-05-10,59.04,71979914.88,0.009576
96989,KHC,2018-05-11,59.24,72223749.28,0.003388
96990,KHC,2018-05-14,59.28,72272516.16,0.000675
96991,KHC,2018-05-15,59.04,71979914.88,-0.004049
96992,KHC,2018-05-16,59.29,72284707.88,0.004234
96993,KHC,2018-05-17,58.06,70785126.32,-0.010204
96994,KHC,2018-05-18,56.79,69236777.88,-0.021874
96995,KHC,2018-05-21,56.45,68822259.4,-0.005987
96996,KHC,2018-05-22,56.58,68980751.76,0.002303
96997,KHC,2018-05-23,56.98,69468420.56,0.00707
96998,KHC,2018-05-24,57.06,69565954.32,0.001404
96999,KHC,2018-05-25,57.77,70431566.44,0.012443
97000,KHC,2018-05-29,57.4,69980472.8,-0.006405
97001,KHC,2018-05-30,58.84,71736080.48,0.025087
97002,KHC,2018-05-31,57.48,70078006.56,-0.023114
97003,KHC,2018-06-01,57.65,70285265.8,0.002958
97004,KHC,2018-06-04,58.42,71224028.24,0.013356
97005,KHC,2018-06-05,57.92,70614442.24,-0.008559
97006,KHC,2018-06-06,57.92,70614442.24,0.0
97007,KHC,2018-06-07,57.67,70309649.24,-0.004316
97008,KHC,2018-06-08,58.47,71284986.84,0.013872
97009,KHC,2018-06-11,59.88,73004019.36,0.024115
97010,KHC,2018-06-12,60.12,73296620.64,0.004008
97011,KHC,2018-06-13,60.1,73272237.2,-0.000333
97012,KHC,2018-06-14,60.67,73967165.24,0.009484
97013,KHC,2018-06-15,61.61,75113186.92,0.015494
97014,KHC,2018-06-18,60.87,74210999.64,-0.012011
97015,KHC,2018-06-19,62.14,75759348.08,0.020864
97016,KHC,2018-06-20,63.04,76856602.88,0.014483
97017,KHC,2018-06-21,62.57,76283592.04,-0.007456
97018,KHC,2018-06-22,63.21,77063862.12,0.010229
97019,KHC,2018-06-25,63.32,77197971.04,0.00174
97020,KHC,2018-06-26,63.21,77063862.12,-0.001737
97021,KHC,2018-06-27,62.69,76429892.68,-0.008227
97022,KHC,2018-06-28,62.65,76381125.8,-0.000638
97023,KHC,2018-06-29,62.82,76577580.0,0.002713
97024,KHC,2018-07-02,62.09,75687710.0,-0.011621
97025,KHC,2018-07-03,62.64,76358160.0,0.008858
97026,KHC,2018-07-05,63.95,77955050.0,0.020913
97027,KHC,2018-07-06,64.43,78540170.0,0.007506
97028,KHC,2018-07-09,63.97,77979430.0,-0.00714
97029,KHC,2018-07-10,64.0,78016000.0,0.000469
97030,KHC,2018-07-11,63.74,77699060.0,-0.004063
97031,KHC,2018-07-12,63.64,77577160.0,-0.001569
97032,KHC,2018-07-13,63.85,77833150.0,0.0033
97033,KHC,2018-07-16,62.64,76358160.0,-0.018951
97034,KHC,2018-07-17,63.05,76857950.0,0.006545
97035,KHC,2018-07-18,61.59,75078210.0,-0.023156
97036,KHC,2018-07-19,61.34,74773460.0,-0.004059
97037,KHC,2018-07-20,60.69,73981110.0,-0.010597
97038,KHC,2018-07-23,60.3,73505700.0,-0.006426
97039,KHC,2018-07-24,59.67,72737730.0,-0.010448
97040,KHC,2018-07-25,59.84,72944960.0,0.002849
97041,KHC,2018-07-26,60.48,73725120.0,0.010695
97042,KHC,2018-07-27,60.26,73471884.48,-0.003638
97043,KHC,2018-07-30,60.28,73496269.44,0.000332
97044,KHC,2018-07-31,60.25,73459692.0,-0.000498
97045,KHC,2018-08-01,59.28,72277021.44,-0.0161
97046,KHC,2018-08-02,59.4,72423331.2,0.002024
97047,KHC,2018-08-03,64.48,78617111.04,0.085522
97048,KHC,2018-08-06,62.3,75959150.4,-0.033809
97049,KHC,2018-08-07,61.32,74764287.36,-0.01573
97050,KHC,2018-08-08,60.28,73496269.44,-0.01696
97051,KHC,2018-08-09,60.0,73154880.0,-0.004645
97052,KHC,2018-08-10,59.65,72728143.2,-0.005833
97053,KHC,2018-08-13,59.28,72277021.44,-0.006203
97054,KHC,2018-08-14,59.52,72569640.96,0.004049
97055,KHC,2018-08-15,59.09,72045364.32,-0.007224
97056,KHC,2018-08-16,60.03,73191457.44,0.026485
97057,KHC,2018-08-17,61.02,74398512.96,0.016492
97058,KHC,2018-08-20,60.64,73935198.72,-0.006227
97059,KHC,2018-08-21,59.84,72959800.32,-0.013193
97060,KHC,2018-08-22,59.55,72606218.4,-0.004846
97061,KHC,2018-08-23,58.8,71691782.4,-0.012594
97062,KHC,2018-08-24,59.03,71972209.44,0.003912
97063,KHC,2018-08-27,59.57,72630603.36,0.009148
97064,KHC,2018-08-28,58.79,71679589.92,-0.013094
97065,KHC,2018-08-29,59.3,72301406.4,0.008675
97066,KHC,2018-08-30,58.22,70984618.56,-0.018212
97067,KHC,2018-08-31,58.27,71045580.96,0.000859
97068,KHC,2018-09-04,56.66,69082591.68,-0.02763
97069,KHC,2018-09-05,57.0,69497136.0,0.006001
97070,KHC,2018-09-06,56.8,69253286.4,-0.003509
97071,KHC,2018-09-07,56.59,68997244.32,-0.003697
97072,KHC,2018-09-10,57.24,69789755.52,0.011486
97073,KHC,2018-09-11,57.76,70423764.48,0.009085
97074,KHC,2018-09-12,59.12,72081941.76,0.023546
97075,KHC,2018-09-13,59.49,72533063.52,0.006258
97076,KHC,2018-09-14,58.97,71899054.56,-0.008741
97077,KHC,2018-09-17,58.35,71143120.8,-0.010514
97078,KHC,2018-09-18,57.1,69619060.8,-0.021422
97079,KHC,2018-09-19,56.89,69363018.72,-0.003678
97080,KHC,2018-09-20,57.57,70192107.36,0.011953
97081,KHC,2018-09-21,57.12,69643445.76,-0.007817
97082,KHC,2018-09-24,56.52,68911896.96,-0.010504
97083,KHC,2018-09-25,55.66,67863343.68,-0.015216
97084,KHC,2018-09-26,55.17,67265912.16,-0.008803
97085,KHC,2018-09-27,55.04,67107409.92,-0.002356
97086,KHC,2018-09-28,55.11,67179090.0,0.001272
97087,KHC,2018-10-01,55.54,67703260.0,0.007803
97088,KHC,2018-10-02,55.93,68178670.0,0.007022
97089,KHC,2018-10-03,55.6,67776400.0,-0.0059
97090,KHC,2018-10-04,55.52,67678880.0,-0.001439
97091,KHC,2018-10-05,55.89,68129910.0,0.006664
97092,KHC,2018-10-08,57.06,69556140.0,0.020934
97093,KHC,2018-10-09,56.07,68349330.0,-0.01735
97094,KHC,2018-10-10,55.74,67947060.0,-0.005886
97095,KHC,2018-10-11,53.82,65606580.0,-0.034446
97096,KHC,2018-10-12,54.24,66118560.0,0.007804
97097,KHC,2018-10-15,54.47,66398930.0,0.00424
97098,KHC,2018-10-16,55.44,67581360.0,0.017808
97099,KHC,2018-10-17,56.4,68751600.0,0.017316
97100,KHC,2018-10-18,55.54,67703260.0,-0.015248
97101,KHC,2018-10-19,57.56,70165640.0,0.03637
97102,KHC,2018-10-22,56.21,68519990.0,-0.023454
97103,KHC,2018-10-23,56.6,68995400.0,0.006938
97104,KHC,2018-10-24,55.78,67995820.0,-0.014488
97105,KHC,2018-10-25,55.98,68239620.0,0.003586
97106,KHC,2018-10-26,54.65,66642122.75,-0.023758
97107,KHC,2018-10-29,55.52,67703031.2,0.015919
97108,KHC,2018-10-30,55.85,68105444.75,0.005944
97109,KHC,2018-10-31,54.97,67032341.95,-0.015756
97110,KHC,2018-11-01,56.2,68532247.0,0.022376
97111,KHC,2018-11-02,50.73,61861937.55,-0.097331
97112,KHC,2018-11-05,52.39,63886199.65,0.032722
97113,KHC,2018-11-06,53.46,65190995.1,0.020424
97114,KHC,2018-11-07,53.55,65300744.25,0.001684
97115,KHC,2018-11-08,53.31,65008079.85,-0.004482
97116,KHC,2018-11-09,53.99,65837295.65,0.012756
97117,KHC,2018-11-12,53.67,65447076.45,-0.005927
97118,KHC,2018-11-13,53.38,65093440.3,-0.005403
97119,KHC,2018-11-14,52.64,64191058.4,-0.013863
97120,KHC,2018-11-15,51.99,63398425.65,-0.000475
97121,KHC,2018-11-16,52.08,63508174.8,0.001731
97122,KHC,2018-11-19,51.89,63276482.15,-0.003648
97123,KHC,2018-11-20,50.94,62118018.9,-0.018308
97124,KHC,2018-11-21,51.16,62386294.6,0.004319
97125,KHC,2018-11-23,51.04,62239962.4,-0.002346
97126,KHC,2018-11-26,51.07,62276545.45,0.000588
97127,KHC,2018-11-27,51.8,63166733.0,0.014294
97128,KHC,2018-11-28,51.18,62410683.3,-0.011969
97129,KHC,2018-11-29,51.19,62422877.65,0.000195
97130,KHC,2018-11-30,51.12,62337517.2,-0.001367
97131,KHC,2018-12-03,51.42,62703347.7,0.005869
97132,KHC,2018-12-04,49.98,60947361.3,-0.028005
97133,KHC,2018-12-06,49.52,60386421.2,-0.009204
97134,KHC,2018-12-07,48.71,59398678.85,-0.016357
97135,KHC,2018-12-10,48.27,58862127.45,-0.009033
97136,KHC,2018-12-11,48.38,58996265.3,0.002279
97137,KHC,2018-12-12,48.26,58849933.1,-0.00248
97138,KHC,2018-12-13,48.47,59106014.45,0.004351
97139,KHC,2018-12-14,47.46,57874385.1,-0.020838
97140,KHC,2018-12-17,46.82,57093946.7,-0.013485
97141,KHC,2018-12-18,46.15,56276925.25,-0.01431
97142,KHC,2018-12-19,45.09,54984324.15,-0.022969
97143,KHC,2018-12-20,44.85,54691659.75,-0.005323
97144,KHC,2018-12-21,44.05,53716111.75,-0.017837
97145,KHC,2018-12-24,42.54,51874764.9,-0.034279
97146,KHC,2018-12-26,43.29,52789341.15,0.01763
97147,KHC,2018-12-27,43.76,53362475.6,0.010857
97148,KHC,2018-12-28,43.57,53155400.0,-0.004342
97149,KHC,2018-12-31,43.04,52508800.0,-0.012164
97150,KHC,2019-01-02,43.34,52874800.0,0.00697
97151,KHC,2019-01-03,43.31,52838200.0,-0.000692
97152,KHC,2019-01-04,44.49,54277800.0,0.027245
97153,KHC,2019-01-07,45.33,55302600.0,0.018881
97154,KHC,2019-01-08,45.37,55351400.0,0.000882
97155,KHC,2019-01-09,45.13,55058600.0,-0.00529
97156,KHC,2019-01-10,45.6,55632000.0,0.010414
97157,KHC,2019-01-11,45.61,55644200.0,0.000219
97158,KHC,2019-01-14,46.25,56425000.0,0.014032
97159,KHC,2019-01-15,46.91,57230200.0,0.01427
97160,KHC,2019-01-16,46.84,57144800.0,-0.001492
97161,KHC,2019-01-17,47.08,57437600.0,0.005124
97162,KHC,2019-01-18,47.53,57986600.0,0.009558
97163,KHC,2019-01-22,47.28,57681600.0,-0.00526
97164,KHC,2019-01-23,47.06,57413200.0,-0.004653
97165,KHC,2019-01-24,46.54,56778800.0,-0.01105
97166,KHC,2019-01-25,46.75,57035000.0,0.004512
97167,KHC,2019-01-28,46.9,57218000.0,0.003209
97168,KHC,2019-01-29,46.88,57193600.0,-0.000426
97169,KHC,2019-01-30,46.75,57035000.0,-0.002773
97170,KHC,2019-01-31,48.06,58633200.0,0.028021
97171,KHC,2019-02-01,47.76,58267200.0,-0.006242
97172,KHC,2019-02-04,47.73,58230600.0,-0.000628
97173,KHC,2019-02-05,48.14,58730800.0,0.00859
97174,KHC,2019-02-06,47.69,58181800.0,-0.009348
97175,KHC,2019-02-07,47.23,57620600.0,-0.009646
97176,KHC,2019-02-08,47.46,57901200.0,0.00487
97177,KHC,2019-02-11,47.33,57742600.0,-0.002739
97178,KHC,2019-02-12,48.11,58694200.0,0.01648
97179,KHC,2019-02-13,47.64,58120800.0,-0.009769
97180,KHC,2019-02-14,47.34,57754800.0,-0.006297
97181,KHC,2019-02-15,47.62,58096400.0,0.005915
97182,KHC,2019-02-19,47.77,58279400.0,0.00315
97183,KHC,2019-02-20,48.26,58877200.0,0.010257
97184,KHC,2019-02-21,48.18,58779600.0,-0.001658
97185,KHC,2019-02-22,34.95,42639000.0,-0.274595
97186,KHC,2019-02-25,34.23,41760600.0,-0.020601
97187,KHC,2019-02-26,33.12,40406400.0,-0.032428
97188,KHC,2019-02-27,32.2,39284000.0,-0.027778
97189,KHC,2019-02-28,33.19,40491800.0,0.030745
97190,KHC,2019-03-01,32.4,39528000.0,-0.023802
97191,KHC,2019-03-04,33.23,40540600.0,0.025617
97192,KHC,2019-03-05,33.04,40308800.0,-0.005718
97193,KHC,2019-03-06,32.86,40089200.0,-0.005448
97194,KHC,2019-03-07,31.89,38905800.0,-0.017346
97195,KHC,2019-03-08,32.1,39162000.0,0.006585
97196,KHC,2019-03-11,32.17,39247400.0,0.002181
97197,KHC,2019-03-12,31.99,39027800.0,-0.005595
97198,KHC,2019-03-13,32.3,39406000.0,0.009691
97199,KHC,2019-03-14,31.87,38881400.0,-0.013313
97200,KHC,2019-03-15,32.09,39149800.0,0.006903
97201,KHC,2019-03-18,32.03,39076600.0,-0.00187
97202,KHC,2019-03-19,32.13,39198600.0,0.003122
97203,KHC,2019-03-20,32.02,39064400.0,-0.003424
97204,KHC,2019-03-21,32.75,39955000.0,0.022798
97205,KHC,2019-03-22,32.29,39393800.0,-0.014046
97206,KHC,2019-03-25,32.5,39650000.0,0.006504
97207,KHC,2019-03-26,32.9,40138000.0,0.012308
97208,KHC,2019-03-27,32.64,39820800.0,-0.007903
97209,KHC,2019-03-28,32.89,40125800.0,0.007659
97210,KHC,2019-03-29,32.65,39833000.0,-0.007297
97211,KHC,2019-04-01,32.5,39650000.0,-0.004594
97212,KHC,2019-04-02,32.08,39137600.0,-0.012923
97213,KHC,2019-04-03,32.25,39345000.0,0.005299
97214,KHC,2019-04-04,32.69,39881800.0,0.013643
97215,KHC,2019-04-05,33.17,40467400.0,0.014683
97216,KHC,2019-04-08,33.19,40491800.0,0.000603
97217,KHC,2019-04-09,32.95,40199000.0,-0.007231
97218,KHC,2019-04-10,32.98,40235600.0,0.00091
97219,KHC,2019-04-11,32.99,40247800.0,0.000303
97220,KHC,2019-04-12,33.07,40345400.0,0.002425
97221,KHC,2019-04-15,33.14,40430800.0,0.002117
97222,KHC,2019-04-16,33.04,40308800.0,-0.003018
97223,KHC,2019-04-17,32.89,40125800.0,-0.00454
97224,KHC,2019-04-18,32.96,40211200.0,0.002128
97225,KHC,2019-04-22,32.9,40138000.0,-0.00182
97226,KHC,2019-04-23,33.1,40382000.0,0.006079
97227,KHC,2019-04-24,32.76,39967200.0,-0.010272
97228,KHC,2019-04-25,32.52,39674400.0,-0.007326
97229,KHC,2019-04-26,33.06,40333200.0,0.016605
97230,KHC,2019-04-29,33.27,40589400.0,0.006352
97231,KHC,2019-04-30,33.24,40552800.0,-0.000902
97232,KHC,2019-05-01,32.99,40247800.0,-0.007521
97233,KHC,2019-05-02,32.18,39259600.0,-0.024553
97234,KHC,2019-05-03,32.58,39747600.0,0.01243
97235,KHC,2019-05-06,32.77,39979400.0,0.005832
97236,KHC,2019-05-07,32.5,39650000.0,-0.008239
97237,KHC,2019-05-08,32.43,39564600.0,-0.002154
97238,KHC,2019-05-09,32.58,39747600.0,0.004625
97239,KHC,2019-05-10,32.65,39833000.0,0.002149
97240,KHC,2019-05-13,31.97,39003400.0,-0.020827
97241,KHC,2019-05-14,32.27,39369400.0,0.009384
97242,KHC,2019-05-15,32.4,39528000.0,0.004029
97243,KHC,2019-05-16,32.46,39601200.0,0.001852
97244,KHC,2019-05-17,32.53,39686600.0,0.002157
97245,KHC,2019-05-20,31.79,38783800.0,-0.022748
97246,KHC,2019-05-21,31.98,39015600.0,0.005977
97247,KHC,2019-05-22,31.88,38893600.0,-0.003127
97248,KHC,2019-05-23,31.45,38369000.0,-0.013488
97249,KHC,2019-05-24,31.11,37954200.0,-0.010811
97250,KHC,2019-05-28,29.06,35453200.0,-0.065895
97251,KHC,2019-05-29,28.68,34989600.0,-0.013076
97252,KHC,2019-05-30,27.4,33428000.0,-0.030683
97253,KHC,2019-05-31,27.65,33733000.0,0.009124
97254,KHC,2019-06-03,28.42,34672400.0,0.027848
97255,KHC,2019-06-04,28.67,34977400.0,0.008797
97256,KHC,2019-06-05,28.47,34731663.33,-0.006976
97257,KHC,2019-06-06,28.62,34914654.18,0.005269
97258,KHC,2019-06-07,28.74,35061046.86,0.004193
97259,KHC,2019-06-10,30.31,36976351.09,0.054628
97260,KHC,2019-06-11,30.24,36890955.36,-0.002309
97261,KHC,2019-06-12,30.13,36756762.07,-0.003638
97262,KHC,2019-06-13,30.41,37098344.99,0.009293
97263,KHC,2019-06-14,30.31,36976351.09,-0.003288
97264,KHC,2019-06-17,30.17,36805559.63,-0.004619
97265,KHC,2019-06-18,30.27,36927553.53,0.003315
97266,KHC,2019-06-19,30.96,37769311.44,0.022795
97267,KHC,2019-06-20,31.13,37976701.07,0.005491
97268,KHC,2019-06-21,31.48,38403679.72,0.011243
97269,KHC,2019-06-24,30.52,37232538.28,-0.030496
97270,KHC,2019-06-25,30.68,37427728.52,0.005242
97271,KHC,2019-06-26,30.84,37622918.76,0.005215
97272,KHC,2019-06-27,30.77,37537523.03,-0.00227
97273,KHC,2019-06-28,31.04,37868800.0,0.008775
97274,KHC,2019-07-01,30.46,37161200.0,-0.018686
97275,KHC,2019-07-02,30.52,37234400.0,0.00197
97276,KHC,2019-07-03,31.25,38125000.0,0.023919
97277,KHC,2019-07-05,30.99,37807800.0,-0.00832
97278,KHC,2019-07-08,30.69,37441800.0,-0.009681
97279,KHC,2019-07-09,30.5,37210000.0,-0.006191
97280,KHC,2019-07-10,31.3,38186000.0,0.02623
97281,KHC,2019-07-11,30.65,37393000.0,-0.020767
97282,KHC,2019-07-12,30.8,37576000.0,0.004894
97283,KHC,2019-07-15,30.68,37427728.52,-0.003896
97284,KHC,2019-07-16,30.32,36988550.48,-0.011734
97285,KHC,2019-07-17,30.44,37134943.16,0.003958
97286,KHC,2019-07-18,31.05,37879105.95,0.020039
97287,KHC,2019-07-19,31.54,38476876.06,0.015781
97288,KHC,2019-07-22,31.49,38415879.11,-0.001585
97289,KHC,2019-07-23,31.95,38977051.05,0.014608
97290,KHC,2019-07-24,32.07,39123443.73,0.003756
97291,KHC,2019-07-25,31.55,38489075.45,-0.016215
97292,KHC,2019-07-26,31.85,38855057.15,0.009509
97293,KHC,2019-07-29,31.76,38745262.64,-0.002826
97294,KHC,2019-07-30,31.84,38842857.76,0.002519
97295,KHC,2019-07-31,32.01,39050247.39,0.005339
97296,KHC,2019-08-01,32.53,39684615.67,0.016245
97297,KHC,2019-08-02,32.21,39295910.11,-0.009837
97298,KHC,2019-08-05,31.44,38356517.04,-0.023906
97299,KHC,2019-08-06,30.58,37307324.78,-0.027354
97300,KHC,2019-08-07,30.87,37661122.17,0.009483
97301,KHC,2019-08-08,28.22,34428146.02,-0.085844
97302,KHC,2019-08-09,26.5,32329761.5,-0.06095
97303,KHC,2019-08-12,26.29,32073563.39,-0.007925
97304,KHC,2019-08-13,25.96,31670966.36,-0.012552
97305,KHC,2019-08-14,25.52,31134170.32,-0.016949
97306,KHC,2019-08-15,25.06,30572974.46,-0.018025
97307,KHC,2019-08-16,25.41,30999971.31,0.013966
97308,KHC,2019-08-19,25.71,31365968.61,0.011806
97309,KHC,2019-08-20,25.14,30670573.74,-0.006612
97310,KHC,2019-08-21,25.27,30829172.57,0.005171
97311,KHC,2019-08-22,25.62,31256169.42,0.01385
97312,KHC,2019-08-23,25.33,30902372.03,-0.011319
97313,KHC,2019-08-26,25.58,31207369.78,0.00987
97314,KHC,2019-08-27,25.0,30499775.0,-0.022674
97315,KHC,2019-08-28,25.17,30707173.47,0.0068
97316,KHC,2019-08-29,25.33,30902372.03,0.006357
97317,KHC,2019-08-30,25.52,31134170.32,0.007501
97318,KHC,2019-09-03,26.06,31792965.46,0.02116
97319,KHC,2019-09-04,26.26,32036963.66,0.007675
97320,KHC,2019-09-05,26.59,32439560.69,0.012567
97321,KHC,2019-09-06,27.28,33281354.48,0.02595
97322,KHC,2019-09-09,28.08,34257347.28,0.029326
97323,KHC,2019-09-10,28.96,35330939.36,0.031339
97324,KHC,2019-09-11,29.28,35721336.48,0.01105
97325,KHC,2019-09-12,29.03,35416338.73,-0.008538
97326,KHC,2019-09-13,29.25,35684736.75,0.007578
97327,KHC,2019-09-16,29.62,36136133.42,0.01265
97328,KHC,2019-09-17,28.36,34598944.76,-0.042539
97329,KHC,2019-09-18,28.41,34659944.31,0.001763
97330,KHC,2019-09-19,28.15,34342746.65,-0.009152
97331,KHC,2019-09-20,28.14,34330546.74,-0.000355
97332,KHC,2019-09-23,28.2,34403746.2,0.002132
97333,KHC,2019-09-24,27.93,34074348.63,-0.009574
97334,KHC,2019-09-25,28.14,34330546.74,0.007519
97335,KHC,2019-09-26,28.01,34171947.91,-0.00462
97336,KHC,2019-09-27,27.84,33992640.0,-0.006069
97337,KHC,2019-09-30,27.935,34108635.0,0.003412
97338,KHC,2019-10-01,27.34,33382140.0,-0.021299
97339,KHC,2019-10-02,26.55,32417550.0,-0.028895
97340,KHC,2019-10-03,26.54,32405340.0,-0.000377
97341,KHC,2019-10-04,26.975,32936475.0,0.01639
97342,KHC,2019-10-07,26.94,32893740.0,-0.001297
97343,KHC,2019-10-08,26.71,32612910.0,-0.008537
97344,KHC,2019-10-09,26.73,32637330.0,0.000749
97345,KHC,2019-10-10,26.94,32893740.0,0.007856
97346,KHC,2019-10-11,27.08,33064680.0,0.005197
97347,KHC,2019-10-14,27.32,33357720.0,0.008863
97348,KHC,2019-10-15,27.49,33565290.0,0.006223
97349,KHC,2019-10-16,27.44,33504240.0,-0.001819
97350,KHC,2019-10-17,27.77,33907170.0,0.012026
97351,KHC,2019-10-18,27.61,33711810.0,-0.005762
97352,KHC,2019-10-21,27.81,33956010.0,0.007244
97353,KHC,2019-10-22,28.5,34798500.0,0.024811
97354,KHC,2019-10-23,28.61,34932810.0,0.00386
97355,KHC,2019-10-24,28.45,34737450.0,-0.005592
97356,KHC,2019-10-25,28.38,34656549.18,-0.00246
97357,KHC,2019-10-28,28.37,34644337.57,-0.000352
97358,KHC,2019-10-29,28.14,34363470.54,-0.008107
97359,KHC,2019-10-30,28.5,34803088.5,0.012793
97360,KHC,2019-10-31,32.33,39480135.13,0.134386
97361,KHC,2019-11-01,32.61,39822060.21,0.008661
97362,KHC,2019-11-04,33.33,40701296.13,0.022079
97363,KHC,2019-11-05,32.91,40188408.51,-0.012601
97364,KHC,2019-11-06,33.14,40469275.54,0.006989
97365,KHC,2019-11-07,32.72,39956387.92,-0.012674
97366,KHC,2019-11-08,32.85,40115138.85,0.003973
97367,KHC,2019-11-11,32.76,40005234.36,-0.00274
97368,KHC,2019-11-12,32.98,40273889.78,0.006716
97369,KHC,2019-11-13,33.3,40664661.3,0.009703
97370,KHC,2019-11-14,30.96,37807144.56,-0.058258
97371,KHC,2019-11-15,31.3,38222339.3,0.010982
97372,KHC,2019-11-18,31.01,37868202.61,-0.009265
97373,KHC,2019-11-19,31.3,38222339.3,0.009352
97374,KHC,2019-11-20,31.09,37965895.49,-0.006709
97375,KHC,2019-11-21,30.24,36927908.64,-0.02734
97376,KHC,2019-11-22,30.54,37294256.94,0.009921
97377,KHC,2019-11-25,31.06,37929260.66,0.017027
97378,KHC,2019-11-26,30.47,37208775.67,-0.018995
97379,KHC,2019-11-27,30.37,37086659.57,-0.003282
97380,KHC,2019-11-29,30.5,37245410.5,0.004281
97381,KHC,2019-12-02,30.95,37794932.95,0.014754
97382,KHC,2019-12-03,30.8,37611758.8,-0.004847
97383,KHC,2019-12-04,31.03,37892625.83,0.007468
97384,KHC,2019-12-05,31.25,38161281.25,0.00709
97385,KHC,2019-12-06,31.09,37965895.49,-0.00512
97386,KHC,2019-12-09,31.93,38991670.73,0.027018
97387,KHC,2019-12-10,31.88,38930612.68,-0.001566
97388,KHC,2019-12-11,31.6,38588687.6,-0.008783
97389,KHC,2019-12-12,31.94,39003882.34,0.010759
97390,KHC,2019-12-13,31.6,38588687.6,-0.010645
97391,KHC,2019-12-16,31.74,38759650.14,0.00443
97392,KHC,2019-12-17,31.62,38613110.82,-0.003781
97393,KHC,2019-12-18,31.75,38771861.75,0.004111
97394,KHC,2019-12-19,31.9,38955035.9,0.004724
97395,KHC,2019-12-20,32.22,39345807.42,0.010031
97396,KHC,2019-12-23,31.92,38979459.12,-0.009311
97397,KHC,2019-12-24,31.98,39052728.78,0.00188
97398,KHC,2019-12-26,31.63,38625322.43,-0.010944
97399,KHC,2019-12-27,31.62,38608020.0,-0.000316
97400,KHC,2019-12-30,31.71,38717910.0,0.002846
97401,KHC,2019-12-31,32.13,39230730.0,0.013245
97402,KHC,2020-01-02,31.61,38595810.0,-0.016184
97403,KHC,2020-01-03,31.24,38144040.0,-0.011705
97404,KHC,2020-01-06,31.31,38229510.0,0.002241
97405,KHC,2020-01-07,30.76,37557960.0,-0.017566
97406,KHC,2020-01-08,30.59,37350390.0,-0.005527
97407,KHC,2020-01-09,30.58,37338180.0,-0.000327
97408,KHC,2020-01-10,30.7,37484700.0,0.003924
97409,KHC,2020-01-13,31.16,38046360.0,0.014984
97410,KHC,2020-01-14,31.73,38742330.0,0.018293
97411,KHC,2020-01-15,31.6,38583600.0,-0.004097
97412,KHC,2020-01-16,31.73,38742330.0,0.004114
97413,KHC,2020-01-17,31.03,37887630.0,-0.022061
97414,KHC,2020-01-21,31.01,37863210.0,-0.000645
97415,KHC,2020-01-22,30.67,37448070.0,-0.010964
97416,KHC,2020-01-23,30.68,37460280.0,0.000326
97417,KHC,2020-01-24,30.41,37130610.0,-0.008801
97418,KHC,2020-01-27,30.35,37057350.0,-0.001973
97419,KHC,2020-01-28,30.13,36788730.0,-0.007249
97420,KHC,2020-01-29,29.62,36166020.0,-0.016927
97421,KHC,2020-01-30,29.94,36556740.0,0.010804
97422,KHC,2020-01-31,29.2,35653200.0,-0.024716
97423,KHC,2020-02-03,29.15,35592150.0,-0.001712
97424,KHC,2020-02-04,29.15,35592150.0,0.0
97425,KHC,2020-02-05,29.37,35860770.0,0.007547
97426,KHC,2020-02-06,29.06,35482260.0,-0.010555
97427,KHC,2020-02-07,29.54,36080156.0,0.016518
97428,KHC,2020-02-10,29.69,36263366.0,0.005078
97429,KHC,2020-02-11,30.01,36654214.0,0.010778
97430,KHC,2020-02-12,30.04,36690856.0,0.001
97431,KHC,2020-02-13,27.77,33918278.0,-0.075566
97432,KHC,2020-02-14,26.88,32831232.0,-0.032049
97433,KHC,2020-02-18,27.33,33380862.0,0.016741
97434,KHC,2020-02-19,27.31,33356434.0,-0.000732
97435,KHC,2020-02-20,27.42,33490788.0,0.004028
97436,KHC,2020-02-21,27.26,33295364.0,-0.005835
97437,KHC,2020-02-24,26.63,32525882.0,-0.023111
97438,KHC,2020-02-25,26.07,31841898.0,-0.021029
97439,KHC,2020-02-26,25.64,31316696.0,-0.016494
97440,KHC,2020-02-27,24.97,30498358.0,-0.026131
97441,KHC,2020-02-28,24.77,30254078.0,-0.00801
97442,KHC,2020-03-02,26.07,31841898.0,0.052483
97443,KHC,2020-03-03,25.5,31145700.0,-0.021864
97444,KHC,2020-03-04,26.45,32306030.0,0.037255
97445,KHC,2020-03-05,26.65,32550310.0,0.007561
97446,KHC,2020-03-06,26.03,31793042.0,-0.023265
97447,KHC,2020-03-09,23.96,29273297.72,-0.079524
97448,KHC,2020-03-10,24.5,29933046.5,0.022538
97449,KHC,2020-03-11,23.66,28906770.62,-0.034286
97450,KHC,2020-03-12,20.06,24508445.42,-0.135249
97451,KHC,2020-03-13,23.97,29285515.29,0.194915
97452,KHC,2020-03-16,22.02,26903089.14,-0.081352
97453,KHC,2020-03-17,23.83,29114469.31,0.082198
97454,KHC,2020-03-18,23.69,28943423.33,-0.005875
97455,KHC,2020-03-19,22.28,27220745.96,-0.059519
97456,KHC,2020-03-20,22.28,27220745.96,0.0
97457,KHC,2020-03-23,20.77,25375892.89,-0.067774
97458,KHC,2020-03-24,22.99,28088193.43,0.106885
97459,KHC,2020-03-25,22.96,28051540.72,-0.001305
97460,KHC,2020-03-26,24.77,30262920.89,0.078833
97461,KHC,2020-03-27,24.24,29621280.0,-0.021397
97462,KHC,2020-03-30,25.17,30757740.0,0.038366
97463,KHC,2020-03-31,24.74,30232280.0,-0.017084
97464,KHC,2020-04-01,23.68,28936960.0,-0.042846
97465,KHC,2020-04-02,24.64,30110080.0,0.040541
97466,KHC,2020-04-03,25.32,30941040.0,0.027597
97467,KHC,2020-04-06,25.91,31662020.0,0.023302
97468,KHC,2020-04-07,26.61,32517420.0,0.027017
97469,KHC,2020-04-08,27.32,33385040.0,0.026682
97470,KHC,2020-04-09,28.11,34350420.0,0.028917
97471,KHC,2020-04-13,27.93,34130460.0,-0.006403
97472,KHC,2020-04-14,28.45,34765900.0,0.018618
97473,KHC,2020-04-15,28.05,34277100.0,-0.01406
97474,KHC,2020-04-16,29.23,35701522.0,0.042068
97475,KHC,2020-04-17,29.33,35823662.0,0.003421
97476,KHC,2020-04-20,29.17,35628238.0,-0.005455
97477,KHC,2020-04-21,28.47,34773258.0,-0.023997
97478,KHC,2020-04-22,28.76,35127464.0,0.010186
97479,KHC,2020-04-23,28.53,34846542.0,-0.007997
97480,KHC,2020-04-24,29.23,35714178.59,0.024536
97481,KHC,2020-04-27,30.19,36887138.27,0.032843
97482,KHC,2020-04-28,30.43,37180378.19,0.00795
97483,KHC,2020-04-29,30.53,37302561.49,0.003286
97484,KHC,2020-04-30,30.33,37058194.89,-0.006551
97485,KHC,2020-05-01,29.38,35897453.54,-0.031322
97486,KHC,2020-05-04,28.93,35347628.69,-0.015317
97487,KHC,2020-05-05,28.94,35359847.02,0.000346
97488,KHC,2020-05-06,29.4,35921890.2,0.015895
97489,KHC,2020-05-07,28.83,35225445.39,-0.019388
97490,KHC,2020-05-08,29.56,36117383.48,0.025321
97491,KHC,2020-05-11,29.33,35836361.89,-0.007781
97492,KHC,2020-05-12,29.38,35897453.54,0.001705
97493,KHC,2020-05-13,28.76,35139917.08,-0.021103
97494,KHC,2020-05-14,28.8,35188790.4,0.001391
97495,KHC,2020-05-15,29.2,35677523.6,0.013889
97496,KHC,2020-05-18,30.87,37717984.71,0.057192
97497,KHC,2020-05-19,29.91,36545025.03,-0.031098
97498,KHC,2020-05-20,30.24,36948229.92,0.011033
97499,KHC,2020-05-21,29.71,36300658.43,-0.017526
97500,KHC,2020-05-22,29.95,36593898.35,0.008078
97501,KHC,2020-05-26,30.215,36917684.1,0.008848
97502,KHC,2020-05-27,31.03,37913477.99,0.026973
97503,KHC,2020-05-28,30.39,37131504.87,-0.007734
97504,KHC,2020-05-29,30.47,37229251.51,0.002632
97505,KHC,2020-06-01,30.425,37174269.03,-0.001477
97506,KHC,2020-06-02,31.43,38402211.19,0.033032
97507,KHC,2020-06-03,31.31,38255591.23,-0.003818
97508,KHC,2020-06-04,31.49,38475521.17,0.005749
97509,KHC,2020-06-05,32.62,39856192.46,0.035884
97510,KHC,2020-06-08,33.97,41505667.01,0.041386
97511,KHC,2020-06-09,33.1,40442672.3,-0.025611
97512,KHC,2020-06-10,32.5,39709572.5,-0.018127
97513,KHC,2020-06-11,31.18,38096752.94,-0.040615
97514,KHC,2020-06-12,31.8,38854289.4,0.019885
97515,KHC,2020-06-15,32.12,39245275.96,0.010063
97516,KHC,2020-06-16,32.73,39990594.09,0.018991
97517,KHC,2020-06-17,32.8,40076122.4,0.002139
97518,KHC,2020-06-18,33.18,40540418.94,0.011585
97519,KHC,2020-06-19,33.48,40906968.84,0.009042
97520,KHC,2020-06-22,33.15,40503763.95,-0.009857
97521,KHC,2020-06-23,32.4,39587389.2,-0.022624
97522,KHC,2020-06-24,32.13,39257494.29,-0.008333
97523,KHC,2020-06-25,31.88,38952036.04,-0.007781
97524,KHC,2020-06-26,30.9,37790700.0,-0.03074
97525,KHC,2020-06-29,31.64,38695720.0,0.023948
97526,KHC,2020-06-30,31.89,39001470.0,0.007901
97527,KHC,2020-07-01,31.67,38732410.0,-0.006899
97528,KHC,2020-07-02,31.81,38903630.0,0.004421
97529,KHC,2020-07-06,32.0,39136000.0,0.005973
97530,KHC,2020-07-07,32.05,39197150.0,0.001563
97531,KHC,2020-07-08,31.86,38964780.0,-0.005928
97532,KHC,2020-07-09,31.37,38365510.0,-0.01538
97533,KHC,2020-07-10,32.28,39478440.0,0.029009
97534,KHC,2020-07-13,32.51,39759730.0,0.007125
97535,KHC,2020-07-14,33.31,40738130.0,0.024608
97536,KHC,2020-07-15,33.15,40542450.0,-0.004803
97537,KHC,2020-07-16,34.4,42071200.0,0.037707
97538,KHC,2020-07-17,35.01,42817230.0,0.017733
97539,KHC,2020-07-20,34.12,41728760.0,-0.025421
97540,KHC,2020-07-21,34.53,42230190.0,0.012016
97541,KHC,2020-07-22,34.9,42682700.0,0.010715
97542,KHC,2020-07-23,34.86,42633780.0,-0.001146
97543,KHC,2020-07-24,34.68,42399039.72,-0.005164
97544,KHC,2020-07-27,34.84,42594652.36,0.004614
97545,KHC,2020-07-28,35.25,43095909.75,0.011768
97546,KHC,2020-07-29,35.57,43487135.03,0.009078
97547,KHC,2020-07-30,34.39,42044491.81,-0.033174
97548,KHC,2020-07-31,34.38,42032266.02,-0.000291
97549,KHC,2020-08-03,34.79,42533523.41,0.011926
97550,KHC,2020-08-04,35.08,42888071.32,0.008336
97551,KHC,2020-08-05,34.78,42521297.62,-0.008552
97552,KHC,2020-08-06,35.28,43132587.12,0.014376
97553,KHC,2020-08-07,35.41,43291522.39,0.003685
97554,KHC,2020-08-10,34.79,42533523.41,-0.017509
97555,KHC,2020-08-11,34.63,42337910.77,-0.004599
97556,KHC,2020-08-12,35.33,43193716.07,0.020214
97557,KHC,2020-08-13,35.57,43487135.03,0.006793
97558,KHC,2020-08-14,35.59,43511586.61,0.000562
97559,KHC,2020-08-17,35.93,43927263.47,0.009553
97560,KHC,2020-08-18,35.66,43597167.14,-0.007515
97561,KHC,2020-08-19,35.43,43315973.97,-0.00645
97562,KHC,2020-08-20,34.85,42606878.15,-0.01637
97563,KHC,2020-08-21,34.56,42252330.24,-0.008321
97564,KHC,2020-08-24,35.09,42900297.11,0.015336
97565,KHC,2020-08-25,35.37,43242619.23,0.007979
97566,KHC,2020-08-26,35.31,43169264.49,-0.001696
97567,KHC,2020-08-27,34.76,42496846.04,-0.004248
97568,KHC,2020-08-28,34.88,42643555.52,0.003452
97569,KHC,2020-08-31,35.04,42839168.16,0.004587
97570,KHC,2020-09-01,34.14,41738847.06,-0.025685
97571,KHC,2020-09-02,34.71,42435717.09,0.016696
97572,KHC,2020-09-03,33.55,41017525.45,-0.03342
97573,KHC,2020-09-04,33.47,40919719.13,-0.002385
97574,KHC,2020-09-08,31.76,38829109.04,-0.051091
97575,KHC,2020-09-09,31.65,38694625.35,-0.003463
97576,KHC,2020-09-10,31.51,38523464.29,-0.004423
97577,KHC,2020-09-11,31.71,38767980.09,0.006347
97578,KHC,2020-09-14,31.87,38963592.73,0.005046
97579,KHC,2020-09-15,31.97,39085850.63,0.003138
97580,KHC,2020-09-16,31.36,38340077.44,-0.01908
97581,KHC,2020-09-17,30.64,37459820.56,-0.022959
97582,KHC,2020-09-18,29.74,36359499.46,-0.029373
97583,KHC,2020-09-21,29.65,36249467.35,-0.003026
97584,KHC,2020-09-22,29.23,35735984.17,-0.014165
97585,KHC,2020-09-23,28.77,35173597.83,-0.015737
97586,KHC,2020-09-24,28.84,35259178.36,0.002433
97587,KHC,2020-09-25,29.13,35625990.0,0.010055
97588,KHC,2020-09-28,29.83,36482090.0,0.02403
97589,KHC,2020-09-29,29.59,36188570.0,-0.008046
97590,KHC,2020-09-30,29.95,36628850.0,0.012166
97591,KHC,2020-10-01,30.37,37142510.0,0.014023
97592,KHC,2020-10-02,30.47,37264810.0,0.003293
97593,KHC,2020-10-05,31.0,37913000.0,0.017394
97594,KHC,2020-10-06,30.67,37509410.0,-0.010645
97595,KHC,2020-10-07,30.84,37717320.0,0.005543
97596,KHC,2020-10-08,31.22,38182060.0,0.012322
97597,KHC,2020-10-09,31.11,38047530.0,-0.003523
97598,KHC,2020-10-12,31.65,38707950.0,0.017358
97599,KHC,2020-10-13,32.41,39637430.0,0.024013
97600,KHC,2020-10-14,32.15,39319450.0,-0.008022
97601,KHC,2020-10-15,32.3,39502900.0,0.004666
97602,KHC,2020-10-16,32.16,39331680.0,-0.004334
97603,KHC,2020-10-19,31.75,38830250.0,-0.012749
97604,KHC,2020-10-20,31.99,39123770.0,0.007559
97605,KHC,2020-10-21,31.44,38451120.0,-0.017193
97606,KHC,2020-10-22,31.23,38194290.0,-0.006679
97607,KHC,2020-10-23,31.37,38353683.51,0.004483
97608,KHC,2020-10-26,30.58,37387811.34,-0.025183
97609,KHC,2020-10-27,30.68,37510073.64,0.00327
97610,KHC,2020-10-28,29.22,35725044.06,-0.047588
97611,KHC,2020-10-29,30.04,36727594.92,0.028063
97612,KHC,2020-10-30,30.59,37400037.57,0.018309
97613,KHC,2020-11-02,31.67,38720470.41,0.035306
97614,KHC,2020-11-03,31.78,38854958.94,0.003473
97615,KHC,2020-11-04,31.82,38903927.5,0.001259
97616,KHC,2020-11-05,31.7,38757212.5,-0.003771
97617,KHC,2020-11-06,31.54,38561592.5,-0.005047
97618,KHC,2020-11-09,30.62,37436777.5,-0.029169
97619,KHC,2020-11-10,30.48,37265610.0,-0.004572
97620,KHC,2020-11-11,31.35,38329293.75,0.028543
97621,KHC,2020-11-12,31.1,38023637.5,-0.007974
97622,KHC,2020-11-13,31.61,38647176.25,0.016399
97623,KHC,2020-11-16,32.15,39307393.75,0.017083
97624,KHC,2020-11-17,31.59,38622723.75,-0.017418
97625,KHC,2020-11-18,31.63,38671628.75,0.001266
97626,KHC,2020-11-19,31.88,38977285.0,0.007904
97627,KHC,2020-11-20,32.26,39441882.5,0.01192
97628,KHC,2020-11-23,32.6,39857575.0,0.010539
97629,KHC,2020-11-24,33.83,41361403.75,0.03773
97630,KHC,2020-11-25,32.54,39784217.5,-0.026308
97631,KHC,2020-11-27,32.84,40151005.0,0.009219
97632,KHC,2020-11-30,32.94,40273267.5,0.003045
97633,KHC,2020-12-01,33.14,40517792.5,0.006072
97634,KHC,2020-12-02,32.78,40077647.5,-0.010863
97635,KHC,2020-12-03,33.45,40896806.25,0.020439
97636,KHC,2020-12-04,34.12,41715965.0,0.02003
97637,KHC,2020-12-07,33.6,41080200.0,-0.01524
97638,KHC,2020-12-08,34.34,41984942.5,0.022024
97639,KHC,2020-12-09,34.22,41838227.5,-0.003494
97640,KHC,2020-12-10,34.1,41691512.5,-0.003507
97641,KHC,2020-12-11,34.07,41654833.75,-0.00088
97642,KHC,2020-12-14,34.42,42082752.5,0.010273
97643,KHC,2020-12-15,34.33,41972716.25,-0.002615
97644,KHC,2020-12-16,34.43,42094978.75,0.002913
97645,KHC,2020-12-17,34.62,42327277.5,0.005518
97646,KHC,2020-12-18,34.77,42510671.25,0.004333
97647,KHC,2020-12-21,34.57,42266146.25,-0.005752
97648,KHC,2020-12-22,34.39,42046073.75,-0.005207
97649,KHC,2020-12-23,34.8,42547350.0,0.011922
97650,KHC,2020-12-24,34.98,42780540.0,0.005172
97651,KHC,2020-12-28,35.21,43061830.0,0.006575
97652,KHC,2020-12-29,34.9,42682700.0,-0.008804
97653,KHC,2020-12-30,34.67,42401410.0,-0.00659
97654,KHC,2020-12-31,34.66,42389180.0,-0.000288
97655,KHC,2021-01-04,34.23,41863290.0,-0.012406
97656,KHC,2021-01-05,33.57,41056110.0,-0.019281
97657,KHC,2021-01-06,33.94,41508620.0,0.011022
97658,KHC,2021-01-07,33.695,41208985.0,-0.007219
97659,KHC,2021-01-08,33.62,41117260.0,-0.002226
97660,KHC,2021-01-11,32.85,40175550.0,-0.022903
97661,KHC,2021-01-12,32.18,39356140.0,-0.020396
97662,KHC,2021-01-13,32.01,39148230.0,-0.005283
97663,KHC,2021-01-14,32.08,39233840.0,0.002187
97664,KHC,2021-01-15,31.99,39123770.0,-0.002805
97665,KHC,2021-01-19,32.36,39576280.0,0.011566
97666,KHC,2021-01-20,32.86,40187780.0,0.015451
97667,KHC,2021-01-21,32.78,40089940.0,-0.002435
97668,KHC,2021-01-22,32.91,40248930.0,0.003966
97669,KHC,2021-01-25,33.75,41276250.0,0.025524
97670,KHC,2021-01-26,34.39,42058970.0,0.018963
97671,KHC,2021-01-27,34.74,42487020.0,0.010177
97672,KHC,2021-01-28,33.96,41533080.0,-0.022453
97673,KHC,2021-01-29,33.51,40982730.0,-0.013251
97674,KHC,2021-02-01,33.25,40664750.0,-0.007759
97675,KHC,2021-02-02,33.16,40554680.0,-0.002707
97676,KHC,2021-02-03,33.01,40371230.0,-0.004524
97677,KHC,2021-02-04,32.92,40261160.0,-0.002726
97678,KHC,2021-02-05,33.8,41337400.0,0.026731
97679,KHC,2021-02-08,33.91,41471930.0,0.003254
97680,KHC,2021-02-09,33.71,41227330.0,-0.005898
97681,KHC,2021-02-10,33.89,41447470.0,0.00534
97682,KHC,2021-02-11,35.54,43465420.0,0.048687
97683,KHC,2021-02-12,35.39,43288198.64,-0.004221
97684,KHC,2021-02-16,35.36,43251503.36,-0.000848
97685,KHC,2021-02-17,37.02,45281975.52,0.046946
97686,KHC,2021-02-18,38.96,47654936.96,0.052404
97687,KHC,2021-02-19,37.48,45844636.48,-0.037988
97688,KHC,2021-02-22,37.23,45538842.48,-0.00667
97689,KHC,2021-02-23,37.12,45404293.12,-0.002955
97690,KHC,2021-02-24,37.6,45991417.6,0.012931
97691,KHC,2021-02-25,37.27,45587769.52,-0.008777
97692,KHC,2021-02-26,36.38,44499142.88,-0.02388
97693,KHC,2021-03-01,37.09,45367597.84,0.019516
97694,KHC,2021-03-02,37.32,45648928.32,0.006201
97695,KHC,2021-03-03,37.98,46456224.48,0.017685
97696,KHC,2021-03-04,37.21,45514378.96,-0.020274
97697,KHC,2021-03-05,37.85,46297211.6,0.0172
97698,KHC,2021-03-08,38.67,47297895.72,0.021664
97699,KHC,2021-03-09,39.13,47860529.08,0.011896
97700,KHC,2021-03-10,39.51,48325313.16,0.009711
97701,KHC,2021-03-11,38.47,47053272.52,-0.016198
97702,KHC,2021-03-12,38.11,46612950.76,-0.009358
97703,KHC,2021-03-15,38.53,47126659.48,0.011021
97704,KHC,2021-03-16,38.74,47383513.84,0.00545
97705,KHC,2021-03-17,39.08,47799373.28,0.008776
97706,KHC,2021-03-18,38.94,47628137.04,-0.003582
97707,KHC,2021-03-19,39.14,47872760.24,0.005136
97708,KHC,2021-03-22,39.55,48374237.8,0.010475
97709,KHC,2021-03-23,38.92,47603674.72,-0.015929
97710,KHC,2021-03-24,38.23,46759724.68,-0.017729
97711,KHC,2021-03-25,39.2,47946147.2,0.025373
97712,KHC,2021-03-26,40.03,48956690.0,0.021173
97713,KHC,2021-03-29,40.78,49873940.0,0.018736
97714,KHC,2021-03-30,40.28,49262440.0,-0.012261
97715,KHC,2021-03-31,40.0,48920000.0,-0.006951
97716,KHC,2021-04-01,40.03,48956690.0,0.00075
97717,KHC,2021-04-05,40.31,49299130.0,0.006995
97718,KHC,2021-04-06,40.7,49776100.0,0.009675
97719,KHC,2021-04-07,40.64,49702720.0,-0.001474
97720,KHC,2021-04-08,40.81,49910630.0,0.004183
97721,KHC,2021-04-09,40.14,49091220.0,-0.016418
97722,KHC,2021-04-12,40.7,49776100.0,0.013951
97723,KHC,2021-04-13,40.92,50045160.0,0.005405
97724,KHC,2021-04-14,40.27,49250210.0,-0.015885
97725,KHC,2021-04-15,41.05,50204150.0,0.019369
97726,KHC,2021-04-16,41.0,50143000.0,-0.001218
97727,KHC,2021-04-19,40.95,50081850.0,-0.00122
97728,KHC,2021-04-20,41.03,50179690.0,0.001954
97729,KHC,2021-04-21,41.58,50852340.0,0.013405
97730,KHC,2021-04-22,40.97,50106310.0,-0.014671
97731,KHC,2021-04-23,40.41,49427370.27,-0.013669
97732,KHC,2021-04-26,40.13,49084889.11,-0.006929
97733,KHC,2021-04-27,40.1,49048194.7,-0.000748
97734,KHC,2021-04-28,40.12,49072657.64,0.000499
97735,KHC,2021-04-29,41.685,50986882.7,0.039008
97736,KHC,2021-04-30,41.29,50503739.63,-0.009476
97737,KHC,2021-05-03,41.99,51359942.53,0.016953
97738,KHC,2021-05-04,42.36,51812506.92,0.008812
97739,KHC,2021-05-05,42.47,51947053.09,0.002597
97740,KHC,2021-05-06,43.12,52742098.64,0.015305
97741,KHC,2021-05-07,43.48,53182431.56,0.008349
97742,KHC,2021-05-10,43.62,53353672.14,0.00322
97743,KHC,2021-05-11,43.255,52907223.49,-0.008368
97744,KHC,2021-05-12,42.92,52497469.24,-0.007745
97745,KHC,2021-05-13,43.82,53598301.54,0.020969
97746,KHC,2021-05-14,43.73,53488218.31,-0.002054
97747,KHC,2021-05-17,43.8,53573838.6,0.001601
97748,KHC,2021-05-18,43.685,53433176.7,-0.002626
97749,KHC,2021-05-19,43.57,53292514.79,-0.002632
97750,KHC,2021-05-20,43.87,53659458.89,0.006885
97751,KHC,2021-05-21,44.13,53977477.11,0.005927
97752,KHC,2021-05-24,44.52,54454504.44,0.008838
97753,KHC,2021-05-25,44.15,54001940.05,-0.008311
97754,KHC,2021-05-26,44.18,54038634.46,0.00068
97755,KHC,2021-05-27,43.43,53121274.21,-0.007922
97756,KHC,2021-05-28,43.59,53316977.73,0.003684
97757,KHC,2021-06-01,43.85,53634995.95,0.005965
97758,KHC,2021-06-02,44.09,53928551.23,0.005473
97759,KHC,2021-06-03,43.99,53806236.53,-0.002268
97760,KHC,2021-06-04,43.96,53769542.12,-0.000682
97761,KHC,2021-06-07,43.88,53671690.36,-0.00182
97762,KHC,2021-06-08,43.78,53549375.66,-0.002279
97763,KHC,2021-06-09,43.04,52644246.88,-0.016903
97764,KHC,2021-06-10,42.95,52534163.65,-0.002091
97765,KHC,2021-06-11,43.42,53109042.74,0.010943
97766,KHC,2021-06-14,42.82,52375154.54,-0.013819
97767,KHC,2021-06-15,42.76,52301765.72,-0.001401
97768,KHC,2021-06-16,41.91,51262090.77,-0.019878
97769,KHC,2021-06-17,41.33,50552665.51,-0.013839
97770,KHC,2021-06-18,40.5,49537453.5,-0.020082
97771,KHC,2021-06-21,40.83,49941092.01,0.008148
97772,KHC,2021-06-22,40.55,49598610.85,-0.006858
97773,KHC,2021-06-23,40.14,49097120.58,-0.010111
97774,KHC,2021-06-24,40.37,49378444.39,0.00573
97775,KHC,2021-06-25,40.69,49763870.0,0.007927
97776,KHC,2021-06-28,40.88,49996240.0,0.004669
97777,KHC,2021-06-29,40.58,49629340.0,-0.007339
97778,KHC,2021-06-30,40.78,49873940.0,0.004929
97779,KHC,2021-07-01,40.49,49519270.0,-0.007111
97780,KHC,2021-07-02,40.38,49384740.0,-0.002717
97781,KHC,2021-07-06,39.65,48491950.0,-0.018078
97782,KHC,2021-07-07,39.85,48736550.0,0.005044
97783,KHC,2021-07-08,39.6,48430800.0,-0.006274
97784,KHC,2021-07-09,39.95,48858850.0,0.008838
97785,KHC,2021-07-12,39.79,48663170.0,-0.004005
97786,KHC,2021-07-13,39.16,47892680.0,-0.015833
97787,KHC,2021-07-14,38.99,47684770.0,-0.004341
97788,KHC,2021-07-15,39.43,48222890.0,0.011285
97789,KHC,2021-07-16,39.3,48063900.0,-0.003297
97790,KHC,2021-07-19,39.34,48112820.0,0.001018
97791,KHC,2021-07-20,39.4,48186200.0,0.001525
97792,KHC,2021-07-21,39.37,48149510.0,-0.000761
97793,KHC,2021-07-22,38.8,47452400.0,-0.014478
97794,KHC,2021-07-23,39.22,47966060.0,0.010825
97795,KHC,2021-07-26,39.52,48332960.0,0.007649
97796,KHC,2021-07-27,39.27,48027210.0,-0.006326
97797,KHC,2021-07-28,38.92,47599160.0,-0.008913
97798,KHC,2021-07-29,38.98,47672540.0,0.001542
97799,KHC,2021-07-30,38.47,47063697.89,-0.013084
97800,KHC,2021-08-02,38.58,47198270.46,0.002859
97801,KHC,2021-08-03,38.94,47638689.78,0.009331
97802,KHC,2021-08-04,36.94,45191915.78,-0.051361
97803,KHC,2021-08-05,36.94,45191915.78,0.0
97804,KHC,2021-08-06,37.2,45509996.4,0.007038
97805,KHC,2021-08-09,37.31,45644568.97,0.002957
97806,KHC,2021-08-10,37.47,45840310.89,0.004288
97807,KHC,2021-08-11,37.77,46207326.99,0.008006
97808,KHC,2021-08-12,37.36,45705738.32,-0.010855
97809,KHC,2021-08-13,37.87,46329665.69,0.013651
97810,KHC,2021-08-16,38.01,46500939.87,0.003697
97811,KHC,2021-08-17,37.91,46378601.17,-0.002631
97812,KHC,2021-08-18,36.95,45204149.65,-0.025323
97813,KHC,2021-08-19,36.83,45057343.21,-0.003248
97814,KHC,2021-08-20,36.6,44775964.2,-0.006245
97815,KHC,2021-08-23,36.64,44824899.68,0.001093
97816,KHC,2021-08-24,36.55,44714794.85,-0.002456
97817,KHC,2021-08-25,36.75,44959472.25,0.005472
97818,KHC,2021-08-26,36.07,44127569.09,-0.018503
97819,KHC,2021-08-27,36.38,44506819.06,0.008594
97820,KHC,2021-08-30,36.12,44188738.44,-0.007147
97821,KHC,2021-08-31,35.99,44029698.13,0.007475
97822,KHC,2021-09-01,36.1,44164270.7,0.003056
97823,KHC,2021-09-02,36.07,44127569.09,-0.000831
97824,KHC,2021-09-03,35.83,43833956.21,-0.006654
97825,KHC,2021-09-07,35.66,43625980.42,-0.004745
97826,KHC,2021-09-08,37.06,45338722.22,0.03926
97827,KHC,2021-09-09,36.56,44727028.72,-0.013492
97828,KHC,2021-09-10,36.33,44445649.71,-0.006291
97829,KHC,2021-09-13,36.64,44824899.68,0.008533
97830,KHC,2021-09-14,36.21,44298843.27,-0.011736
97831,KHC,2021-09-15,36.22,44311077.14,0.000276
97832,KHC,2021-09-16,36.54,44702560.98,0.008835
97833,KHC,2021-09-17,36.55,44714794.85,0.000274
97834,KHC,2021-09-20,36.21,44298843.27,-0.009302
97835,KHC,2021-09-21,35.94,43968528.78,-0.007457
97836,KHC,2021-09-22,36.13,44200972.31,0.005287
97837,KHC,2021-09-23,36.31,44421181.97,0.004982
97838,KHC,2021-09-24,36.39,44650530.0,0.002203
97839,KHC,2021-09-27,36.84,45202680.0,0.012366
97840,KHC,2021-09-28,36.62,44932740.0,-0.005972
97841,KHC,2021-09-29,37.53,46049310.0,0.02485
97842,KHC,2021-09-30,36.82,45178140.0,-0.018918
97843,KHC,2021-10-01,36.68,45006360.0,-0.003802
97844,KHC,2021-10-04,36.89,45264030.0,0.005725
97845,KHC,2021-10-05,37.07,45484890.0,0.004879
97846,KHC,2021-10-06,37.35,45828450.0,0.007553
97847,KHC,2021-10-07,37.08,45497160.0,-0.007229
97848,KHC,2021-10-08,36.78,45129060.0,-0.008091
97849,KHC,2021-10-11,36.78,45129060.0,0.0
97850,KHC,2021-10-12,36.78,45129060.0,0.0
97851,KHC,2021-10-13,36.8,45153600.0,0.000544
97852,KHC,2021-10-14,37.26,45718020.0,0.0125
97853,KHC,2021-10-15,36.98,45374460.0,-0.007515
97854,KHC,2021-10-18,36.88,45251760.0,-0.002704
97855,KHC,2021-10-19,36.81,45165870.0,-0.001898
97856,KHC,2021-10-20,36.92,45300840.0,0.002988
97857,KHC,2021-10-21,36.38,44638260.0,-0.014626
97858,KHC,2021-10-22,36.38,44574995.18,0.0
97859,KHC,2021-10-25,36.22,44378953.42,-0.004398
97860,KHC,2021-10-26,36.44,44648510.84,0.006074
97861,KHC,2021-10-27,36.4,44599500.4,-0.001098
97862,KHC,2021-10-28,36.48,44697521.28,0.002198
97863,KHC,2021-10-29,35.89,43974617.29,-0.016173
97864,KHC,2021-11-01,36.73,45003836.53,0.023405
97865,KHC,2021-11-02,37.08,45432677.88,0.009529
97866,KHC,2021-11-03,37.42,45849266.62,0.009169
97867,KHC,2021-11-04,37.19,45567456.59,-0.006146
97868,KHC,2021-11-05,37.84,46363876.24,0.017478
97869,KHC,2021-11-08,37.2,45579709.2,-0.016913
97870,KHC,2021-11-09,37.35,45763498.35,0.004032
97871,KHC,2021-11-10,37.49,45935034.89,0.003748
97872,KHC,2021-11-11,37.28,45677730.08,-0.005601
97873,KHC,2021-11-12,37.22,45558843.24,-0.001609
97874,KHC,2021-11-15,37.62,46048460.04,0.010747
97875,KHC,2021-11-16,37.04,45338515.68,-0.015417
97876,KHC,2021-11-17,36.56,44750975.52,-0.012959
97877,KHC,2021-11-18,35.37,43294365.54,-0.032549
97878,KHC,2021-11-19,35.34,43257644.28,-0.000848
97879,KHC,2021-11-22,35.47,43416769.74,0.003679
97880,KHC,2021-11-23,35.82,43845184.44,0.009867
97881,KHC,2021-11-24,35.19,43074037.98,-0.006421
97882,KHC,2021-11-26,34.83,42633382.86,-0.01023
97883,KHC,2021-11-29,34.78,42572180.76,-0.001436
97884,KHC,2021-11-30,33.61,41140051.62,-0.03364
97885,KHC,2021-12-01,32.88,40246500.96,-0.02172
97886,KHC,2021-12-02,33.25,40699396.5,0.011253
97887,KHC,2021-12-03,33.64,41176772.88,0.011729
97888,KHC,2021-12-06,34.27,41947919.34,0.018728
97889,KHC,2021-12-07,34.51,42241689.42,0.007003
97890,KHC,2021-12-08,33.15,40576992.3,-0.039409
97891,KHC,2021-12-09,33.47,40968685.74,0.009653
97892,KHC,2021-12-10,34.15,41801034.3,0.020317
97893,KHC,2021-12-13,34.48,42204968.16,0.009663
97894,KHC,2021-12-14,34.78,42572180.76,0.008701
97895,KHC,2021-12-15,34.88,42694584.96,0.002875
97896,KHC,2021-12-16,36.0,44065512.0,0.03211
97897,KHC,2021-12-17,35.51,43465731.42,-0.013611
97898,KHC,2021-12-20,35.27,43171961.34,-0.006759
97899,KHC,2021-12-21,35.0,42841470.0,-0.007655
97900,KHC,2021-12-22,35.11,42976114.62,0.003143
97901,KHC,2021-12-23,35.25,43146000.0,0.003987
97902,KHC,2021-12-27,35.43,43366320.0,0.005106
97903,KHC,2021-12-28,35.86,43892640.0,0.012137
97904,KHC,2021-12-29,35.81,43831440.0,-0.001394
97905,KHC,2021-12-30,35.66,43647840.0,-0.004189
97906,KHC,2021-12-31,35.9,43941600.0,0.00673
97907,KHC,2022-01-03,36.14,44235360.0,0.006685
97908,KHC,2022-01-04,36.91,45177840.0,0.021306
97909,KHC,2022-01-05,36.76,44994240.0,-0.004064
97910,KHC,2022-01-06,36.83,45079920.0,0.001904
97911,KHC,2022-01-07,37.35,45716400.0,0.014119
97912,KHC,2022-01-10,37.36,45728640.0,0.000268
97913,KHC,2022-01-11,37.59,46010160.0,0.006156
97914,KHC,2022-01-12,37.3,45655200.0,-0.007715
97915,KHC,2022-01-13,37.65,46083600.0,0.009383
97916,KHC,2022-01-14,38.02,46536480.0,0.009827
97917,KHC,2022-01-18,37.43,45814320.0,-0.015518
97918,KHC,2022-01-19,37.22,45557280.0,-0.00561
97919,KHC,2022-01-20,37.06,45361440.0,-0.004299
97920,KHC,2022-01-21,37.0,45288000.0,-0.001619
97921,KHC,2022-01-24,36.39,44541360.0,-0.016486
97922,KHC,2022-01-25,36.21,44321040.0,-0.004946
97923,KHC,2022-01-26,36.04,44112960.0,-0.004695
97924,KHC,2022-01-27,36.09,44174160.0,0.001387
97925,KHC,2022-01-28,36.05,44125200.0,-0.001108
97926,KHC,2022-01-31,35.8,43819200.0,-0.006935
97927,KHC,2022-02-01,36.13,44223120.0,0.009218
97928,KHC,2022-02-02,36.38,44529120.0,0.006919
97929,KHC,2022-02-03,35.84,43868160.0,-0.014843
97930,KHC,2022-02-04,34.75,42534000.0,-0.030413
97931,KHC,2022-02-07,34.72,42497280.0,-0.000863
97932,KHC,2022-02-08,34.94,42766560.0,0.006336
97933,KHC,2022-02-09,34.95,42778800.0,0.000286
97934,KHC,2022-02-10,34.29,41970960.0,-0.018884
97935,KHC,2022-02-11,34.73,42500490.2,0.012832
97936,KHC,2022-02-14,34.59,42329166.6,-0.004031
97937,KHC,2022-02-15,34.68,42439303.2,0.002602
97938,KHC,2022-02-16,36.62,44813358.8,0.05594
97939,KHC,2022-02-17,37.79,46245134.6,0.03195
97940,KHC,2022-02-18,38.46,47065040.4,0.01773
97941,KHC,2022-02-22,40.4,49439096.0,0.050442
97942,KHC,2022-02-23,40.1,49071974.0,-0.007426
97943,KHC,2022-02-24,38.98,47701385.2,-0.02793
97944,KHC,2022-02-25,39.73,48619190.2,0.019241
97945,KHC,2022-02-28,39.22,47995082.8,-0.012837
97946,KHC,2022-03-01,38.68,47334263.2,-0.013768
97947,KHC,2022-03-02,39.07,47811521.8,0.010083
97948,KHC,2022-03-03,39.95,48888413.0,0.022524
97949,KHC,2022-03-04,39.84,48753801.6,-0.002753
97950,KHC,2022-03-07,40.15,49179494.1,0.007781
97951,KHC,2022-03-08,38.66,47354402.04,-0.037111
97952,KHC,2022-03-09,38.18,46766452.92,-0.012416
97953,KHC,2022-03-10,37.54,45982520.76,-0.006286
97954,KHC,2022-03-11,37.36,45762039.84,-0.004795
97955,KHC,2022-03-14,37.69,46166254.86,0.008833
97956,KHC,2022-03-15,37.82,46325491.08,0.003449
97957,KHC,2022-03-16,37.68,46154005.92,-0.003702
97958,KHC,2022-03-17,37.75,46239748.5,0.001858
97959,KHC,2022-03-18,37.62,46080512.28,-0.003444
97960,KHC,2022-03-21,37.62,46080512.28,0.0
97961,KHC,2022-03-22,37.95,46484727.3,0.008772
97962,KHC,2022-03-23,38.28,46888942.32,0.008696
97963,KHC,2022-03-24,38.63,47317655.22,0.009143
97964,KHC,2022-03-25,39.29,48130250.0,0.017085
97965,KHC,2022-03-28,39.39,48252750.0,0.002545
97966,KHC,2022-03-29,39.37,48228250.0,-0.000508
97967,KHC,2022-03-30,39.4,48265000.0,0.000762
97968,KHC,2022-03-31,39.39,48252750.0,-0.000254
97969,KHC,2022-04-01,39.93,48914250.0,0.013709
97970,KHC,2022-04-04,39.89,48865250.0,-0.001002
97971,KHC,2022-04-05,39.59,48497750.0,-0.007521
97972,KHC,2022-04-06,40.04,49049000.0,0.011367
97973,KHC,2022-04-07,40.31,49379750.0,0.006743
97974,KHC,2022-04-08,40.94,50151500.0,0.015629
97975,KHC,2022-04-11,41.25,50531250.0,0.007572
97976,KHC,2022-04-12,41.12,50372000.0,-0.003152
97977,KHC,2022-04-13,42.0,51450000.0,0.021401
97978,KHC,2022-04-14,42.29,51805250.0,0.006905
97979,KHC,2022-04-18,42.16,51646000.0,-0.003074
97980,KHC,2022-04-19,42.61,52197250.0,0.010674
97981,KHC,2022-04-20,43.35,53103750.0,0.017367
97982,KHC,2022-04-21,44.0,53900000.0,0.014994
97983,KHC,2022-04-22,43.18,52850247.36,-0.018636
97984,KHC,2022-04-25,43.04,52678894.08,-0.003242
97985,KHC,2022-04-26,42.31,51785409.12,-0.016961
97986,KHC,2022-04-27,42.88,52483061.76,0.013472
97987,KHC,2022-04-28,43.61,53376546.72,0.017024
97988,KHC,2022-04-29,42.63,52177073.76,-0.022472
97989,KHC,2022-05-02,41.98,51381504.96,-0.015247
97990,KHC,2022-05-03,42.38,51871085.76,0.009528
97991,KHC,2022-05-04,43.32,53021600.64,0.02218
97992,KHC,2022-05-05,43.14,52801289.28,-0.004155
97993,KHC,2022-05-06,43.59,53352067.68,0.010431
97994,KHC,2022-05-09,44.19,54086438.88,0.013765
97995,KHC,2022-05-10,43.46,53192953.92,-0.01652
97996,KHC,2022-05-11,43.5,53241912.0,0.00092
97997,KHC,2022-05-12,43.05,52691133.6,-0.010345
97998,KHC,2022-05-13,44.29,54208834.08,0.028804
97999,KHC,2022-05-16,44.08,53951804.16,-0.004741
98000,KHC,2022-05-17,43.16,52825768.32,-0.020871
98001,KHC,2022-05-18,39.04,47783086.08,-0.095459
98002,KHC,2022-05-19,38.56,47199175.2,-0.012295
98003,KHC,2022-05-20,38.37,46966606.65,-0.004927
98004,KHC,2022-05-23,38.99,47725514.55,0.016158
98005,KHC,2022-05-24,39.61,48484422.45,0.015902
98006,KHC,2022-05-25,39.88,48814914.6,0.006816
98007,KHC,2022-05-26,37.07,45375348.15,-0.060431
98008,KHC,2022-05-27,37.83,46305622.35,0.020502
98009,KHC,2022-05-31,37.83,46305622.35,0.0
98010,KHC,2022-06-01,37.25,45595676.25,-0.015332
98011,KHC,2022-06-02,36.39,44542997.55,-0.023087
98012,KHC,2022-06-03,36.3,44432833.5,-0.002473
98013,KHC,2022-06-06,36.69,44910211.05,0.010744
98014,KHC,2022-06-07,37.08,45387588.6,0.01063
98015,KHC,2022-06-08,37.4,45779283.0,0.00863
98016,KHC,2022-06-09,37.27,45620157.15,-0.003476
98017,KHC,2022-06-10,37.45,45840485.25,0.00483
98018,KHC,2022-06-13,36.04,44114581.8,-0.03765
98019,KHC,2022-06-14,36.14,44236986.3,0.002775
98020,KHC,2022-06-15,36.18,44285948.1,0.001107
98021,KHC,2022-06-16,36.03,44102341.35,-0.004146
98022,KHC,2022-06-17,35.58,43551521.1,-0.01249
98023,KHC,2022-06-21,36.61,44812287.45,0.028949
98024,KHC,2022-06-22,37.05,45350867.25,0.012019
98025,KHC,2022-06-23,37.85,46330103.25,0.021592
98026,KHC,2022-06-24,38.4,47040000.0,0.014531
98027,KHC,2022-06-27,38.66,47358500.0,0.006771
98028,KHC,2022-06-28,37.73,46219250.0,-0.024056
98029,KHC,2022-06-29,37.98,46525500.0,0.006626
98030,KHC,2022-06-30,38.14,46721500.0,0.004213
98031,KHC,2022-07-01,38.64,47334000.0,0.01311
98032,KHC,2022-07-05,38.12,46697000.0,-0.013458
98033,KHC,2022-07-06,38.2,46795000.0,0.002099
98034,KHC,2022-07-07,38.08,46648000.0,-0.003141
98035,KHC,2022-07-08,38.37,47003250.0,0.007616
98036,KHC,2022-07-11,38.61,47297250.0,0.006255
98037,KHC,2022-07-12,38.8,47530000.0,0.004921
98038,KHC,2022-07-13,39.18,47995500.0,0.009794
98039,KHC,2022-07-14,38.76,47481000.0,-0.01072
98040,KHC,2022-07-15,38.01,46562250.0,-0.01935
98041,KHC,2022-07-18,38.43,47076750.0,0.01105
98042,KHC,2022-07-19,38.74,47456500.0,0.008067
98043,KHC,2022-07-20,38.26,46868500.0,-0.01239
98044,KHC,2022-07-21,37.95,46488750.0,-0.008102
98045,KHC,2022-07-22,38.32,46958860.8,0.00975
98046,KHC,2022-07-25,38.38,47032387.2,0.001566
98047,KHC,2022-07-26,38.64,47351001.6,0.006774
98048,KHC,2022-07-27,36.34,44532489.6,-0.059524
98049,KHC,2022-07-28,37.19,45574113.6,0.02339
98050,KHC,2022-07-29,36.83,45132955.2,-0.00968
98051,KHC,2022-08-01,37.43,45868219.2,0.016291
98052,KHC,2022-08-02,37.09,45451569.6,-0.009084
98053,KHC,2022-08-03,37.34,45757929.6,0.00674
98054,KHC,2022-08-04,37.03,45378043.2,-0.008302
98055,KHC,2022-08-05,37.57,46039780.8,0.014583
98056,KHC,2022-08-08,37.79,46309377.6,0.005856
98057,KHC,2022-08-09,38.4,47056896.0,0.016142
98058,KHC,2022-08-10,38.63,47338747.2,0.00599
98059,KHC,2022-08-11,38.73,47461291.2,0.002589
98060,KHC,2022-08-12,38.67,47387764.8,-0.001549
98061,KHC,2022-08-15,38.56,47252966.4,-0.002845
98062,KHC,2022-08-16,38.83,47583835.2,0.007002
98063,KHC,2022-08-17,38.2,46811808.0,-0.016225
98064,KHC,2022-08-18,38.26,46885334.4,0.001571
98065,KHC,2022-08-19,38.53,47216203.2,0.007057
98066,KHC,2022-08-22,38.41,47069150.4,-0.003114
98067,KHC,2022-08-23,38.72,47449036.8,0.008071
98068,KHC,2022-08-24,38.91,47681870.4,0.004907
98069,KHC,2022-08-25,38.61,47314238.4,0.00257
98070,KHC,2022-08-26,38.11,46701518.4,-0.01295
98071,KHC,2022-08-29,38.09,46677009.6,-0.000525
98072,KHC,2022-08-30,37.41,45843710.4,-0.017852
98073,KHC,2022-08-31,37.4,45831456.0,-0.000267
98074,KHC,2022-09-01,37.7,46199088.0,0.008021
98075,KHC,2022-09-02,37.31,45721166.4,-0.010345
98076,KHC,2022-09-06,37.43,45868219.2,0.003216
98077,KHC,2022-09-07,37.32,45733420.8,-0.002939
98078,KHC,2022-09-08,36.06,44189366.4,-0.033762
98079,KHC,2022-09-09,36.46,44679542.4,0.011093
98080,KHC,2022-09-12,36.73,45010411.2,0.007405
98081,KHC,2022-09-13,35.06,42963926.4,-0.045467
98082,KHC,2022-09-14,34.96,42841382.4,-0.002852
98083,KHC,2022-09-15,34.61,42412478.4,-0.010011
98084,KHC,2022-09-16,34.71,42535022.4,0.002889
98085,KHC,2022-09-19,34.61,42412478.4,-0.002881
98086,KHC,2022-09-20,33.94,41591433.6,-0.019359
98087,KHC,2022-09-21,34.44,42204153.6,0.014732
98088,KHC,2022-09-22,34.26,41983574.4,-0.005226
98089,KHC,2022-09-23,33.92,41619840.0,-0.009924
98090,KHC,2022-09-26,34.06,41791620.0,0.004127
98091,KHC,2022-09-27,32.95,40429650.0,-0.03259
98092,KHC,2022-09-28,33.62,41251740.0,0.020334
98093,KHC,2022-09-29,33.56,41178120.0,-0.001785
98094,KHC,2022-09-30,33.35,40920450.0,-0.006257
98095,KHC,2022-10-03,33.96,41668920.0,0.018291
98096,KHC,2022-10-04,34.33,42122910.0,0.010895
98097,KHC,2022-10-05,33.89,41583030.0,-0.012817
98098,KHC,2022-10-06,33.42,41006340.0,-0.013868
98099,KHC,2022-10-07,33.03,40527810.0,-0.01167
98100,KHC,2022-10-10,34.07,41803890.0,0.031487
98101,KHC,2022-10-11,34.94,42871380.0,0.025536
98102,KHC,2022-10-12,35.3,43313100.0,0.010303
98103,KHC,2022-10-13,35.78,43902060.0,0.013598
98104,KHC,2022-10-14,35.73,43840710.0,-0.001397
98105,KHC,2022-10-17,35.49,43546230.0,-0.006717
98106,KHC,2022-10-18,36.07,44257890.0,0.016343
98107,KHC,2022-10-19,36.29,44527830.0,0.006099
98108,KHC,2022-10-20,35.34,43362180.0,-0.026178
98109,KHC,2022-10-21,35.21,43129785.3,-0.003679
98110,KHC,2022-10-24,36.52,44734443.6,0.037205
98111,KHC,2022-10-25,37.06,45395905.8,0.014786
98112,KHC,2022-10-26,36.91,45212166.3,-0.004047
98113,KHC,2022-10-27,38.02,46571838.6,0.030073
98114,KHC,2022-10-28,38.94,47698774.2,0.024198
98115,KHC,2022-10-31,38.47,47123057.1,-0.01207
98116,KHC,2022-11-01,38.22,46816824.6,-0.006499
98117,KHC,2022-11-02,38.12,46694331.6,-0.002616
98118,KHC,2022-11-03,37.99,46535090.7,-0.00341
98119,KHC,2022-11-04,38.02,46571838.6,0.00079
98120,KHC,2022-11-07,38.17,46755578.1,0.003945
98121,KHC,2022-11-08,38.1,46669833.0,-0.001834
98122,KHC,2022-11-09,37.73,46216608.9,-0.009711
98123,KHC,2022-11-10,37.87,46388099.1,0.003711
98124,KHC,2022-11-11,36.99,45310160.7,-0.023237
98125,KHC,2022-11-14,36.82,45101922.6,-0.004596
98126,KHC,2022-11-15,37.04,45371407.2,0.005975
98127,KHC,2022-11-16,37.69,46167611.7,0.017549
98128,KHC,2022-11-17,37.75,46241107.5,0.001592
98129,KHC,2022-11-18,38.1,46669833.0,0.009272
98130,KHC,2022-11-21,38.44,47086309.2,0.008924
98131,KHC,2022-11-22,38.96,47723272.8,0.013528
98132,KHC,2022-11-23,38.9,47649777.0,0.008727
98133,KHC,2022-11-25,38.9,47649777.0,0.0
98134,KHC,2022-11-28,38.87,47613029.1,-0.000771
98135,KHC,2022-11-29,39.04,47821267.2,0.004374
98136,KHC,2022-11-30,39.35,48200995.5,0.007941
98137,KHC,2022-12-01,39.49,48372485.7,0.003558
98138,KHC,2022-12-02,39.83,48788961.9,0.00861
98139,KHC,2022-12-05,39.62,48531726.6,-0.005272
98140,KHC,2022-12-06,39.42,48286740.6,-0.005048
98141,KHC,2022-12-07,39.89,48862457.7,0.011923
98142,KHC,2022-12-08,40.14,49168690.2,0.006267
98143,KHC,2022-12-09,39.94,48923704.2,-0.004983
98144,KHC,2022-12-12,40.28,49340180.4,0.008513
98145,KHC,2022-12-13,39.97,48960452.1,-0.007696
98146,KHC,2022-12-14,40.16,49193188.8,0.004754
98147,KHC,2022-12-15,39.83,48788961.9,-0.008217
98148,KHC,2022-12-16,39.92,48899205.6,0.00226
98149,KHC,2022-12-19,40.11,49131942.3,0.00476
98150,KHC,2022-12-20,39.79,48739964.7,-0.007978
98151,KHC,2022-12-21,40.18,49217687.4,0.009801
98152,KHC,2022-12-22,40.36,49438174.8,0.00448
98153,KHC,2022-12-23,40.52,49634163.6,0.003964
98154,KHC,2022-12-27,40.96,50173132.8,0.010859
98155,KHC,2022-12-28,40.44,49536169.2,-0.012695
98156,KHC,2022-12-29,40.68,49830152.4,0.005935
98157,KHC,2022-12-30,40.71,49866900.3,0.000737
